attachment1,attachment2,diffusion1,diffusion2,total,attachment1_norm,attachment2_norm,diffusion1_norm,diffusion2_norm
2,4,6,43,72,0.027777777777777776,0.05555555555555555,0.08333333333333333,0.5972222222222222
6,19,16,269,467,0.01284796573875803,0.04068522483940043,0.034261241970021415,0.576017130620985
0,0,20,0,20,0.0,0.0,1.0,0.0
2,36,12,451,764,0.002617801047120419,0.04712041884816754,0.015706806282722512,0.5903141361256544
9,40,28,546,942,0.009554140127388535,0.04246284501061571,0.029723991507430998,0.5796178343949044
0,34,8,395,623,0.0,0.05457463884430177,0.012841091492776886,0.6340288924558587
1,18,13,327,531,0.0018832391713747645,0.03389830508474576,0.02448210922787194,0.615819209039548
6,67,60,984,1611,0.0037243947858473,0.04158907510862818,0.037243947858473,0.6108007448789572
7,25,25,495,741,0.009446693657219974,0.033738191632928474,0.033738191632928474,0.6680161943319838
6,74,47,1233,1940,0.003092783505154639,0.03814432989690722,0.02422680412371134,0.6355670103092783
3,20,13,328,528,0.005681818181818182,0.03787878787878788,0.02462121212121212,0.6212121212121212
4,21,46,451,698,0.0057306590257879654,0.03008595988538682,0.0659025787965616,0.6461318051575932
1,18,5,288,466,0.002145922746781116,0.03862660944206009,0.01072961373390558,0.6180257510729614
2,17,11,282,474,0.004219409282700422,0.035864978902953586,0.023206751054852322,0.5949367088607594
5,33,38,588,945,0.005291005291005291,0.03492063492063492,0.04021164021164021,0.6222222222222222
0,8,3,95,171,0.0,0.04678362573099415,0.017543859649122806,0.5555555555555556
8,40,49,832,1323,0.006046863189720333,0.030234315948601664,0.037037037037037035,0.6288737717309146
7,99,44,1537,2403,0.002913025384935497,0.04119850187265917,0.018310445276737412,0.6396171452351228
2,10,6,151,238,0.008403361344537815,0.04201680672268908,0.025210084033613446,0.634453781512605
1,0,2,0,3,0.3333333333333333,0.0,0.6666666666666666,0.0
0,0,1,0,1,0.0,0.0,1.0,0.0
9,103,29,1488,2325,0.003870967741935484,0.04430107526881721,0.012473118279569893,0.64
7,22,48,381,657,0.0106544901065449,0.0334855403348554,0.0730593607305936,0.5799086757990868
7,94,36,1451,2377,0.002944888514934792,0.03954564577198149,0.015145140933950358,0.6104333193100547
1,37,12,697,1085,0.0009216589861751152,0.034101382488479264,0.011059907834101382,0.6423963133640553
0,0,4,0,4,0.0,0.0,1.0,0.0
1,11,20,145,228,0.0043859649122807015,0.04824561403508772,0.08771929824561403,0.6359649122807017
1,2,19,67,118,0.00847457627118644,0.01694915254237288,0.16101694915254236,0.5677966101694916
10,48,17,892,1363,0.007336757153338224,0.03521643433602348,0.012472487160674981,0.6544387380777696
13,88,54,1292,1944,0.006687242798353909,0.04526748971193416,0.027777777777777776,0.6646090534979424
5,29,16,558,839,0.0059594755661501785,0.03456495828367104,0.01907032181168057,0.66507747318236
1,34,25,414,670,0.0014925373134328358,0.050746268656716415,0.03731343283582089,0.6179104477611941
1,0,0,0,1,1.0,0.0,0.0,0.0
0,6,23,136,205,0.0,0.02926829268292683,0.11219512195121951,0.6634146341463415
5,75,80,1049,1752,0.0028538812785388126,0.04280821917808219,0.045662100456621,0.598744292237443
2,9,24,148,225,0.008888888888888889,0.04,0.10666666666666667,0.6577777777777778
9,48,58,706,1146,0.007853403141361256,0.041884816753926704,0.0506108202443281,0.6160558464223386
10,75,60,978,1578,0.0063371356147021544,0.04752851711026616,0.03802281368821293,0.6197718631178707
7,46,31,825,1339,0.005227781926811053,0.03435399551904406,0.02315160567587752,0.6161314413741599
8,47,65,799,1267,0.006314127861089187,0.037095501183898975,0.05130228887134965,0.6306235201262825
4,57,16,743,1131,0.0035366931918656055,0.050397877984084884,0.014146772767462422,0.6569407603890363
6,16,42,334,523,0.011472275334608031,0.030592734225621414,0.08030592734225621,0.638623326959847
7,69,15,1005,1531,0.0045721750489875895,0.045068582625734814,0.009797517962116264,0.6564337034617896
7,69,63,900,1438,0.004867872044506259,0.04798331015299027,0.04381084840055633,0.6258692628650904
5,42,51,609,986,0.005070993914807302,0.04259634888438134,0.05172413793103448,0.6176470588235294
0,0,2,0,2,0.0,0.0,1.0,0.0
9,58,49,794,1227,0.007334963325183374,0.04726976365118175,0.03993480032599837,0.6471067644661777
1,13,8,219,339,0.0029498525073746312,0.038348082595870206,0.02359882005899705,0.6460176991150443
1,18,2,224,412,0.0024271844660194173,0.043689320388349516,0.0048543689320388345,0.5436893203883495
3,8,14,209,294,0.01020408163265306,0.027210884353741496,0.047619047619047616,0.7108843537414966
2,3,11,94,131,0.015267175572519083,0.022900763358778626,0.08396946564885496,0.7175572519083969
2,45,56,836,1279,0.001563721657544957,0.035183737294761534,0.0437842064112588,0.653635652853792
7,50,30,697,1097,0.006381039197812215,0.04557885141294439,0.027347310847766638,0.6353691886964449
7,26,40,417,706,0.009915014164305949,0.036827195467422094,0.056657223796033995,0.5906515580736544
9,120,81,1789,2746,0.0032774945375091042,0.043699927166788055,0.029497450837581936,0.6514930808448652
5,57,7,732,1196,0.004180602006688963,0.047658862876254184,0.005852842809364548,0.6120401337792643
2,13,10,134,247,0.008097165991902834,0.05263157894736842,0.04048582995951417,0.5425101214574899
2,19,18,325,527,0.003795066413662239,0.036053130929791274,0.03415559772296015,0.6166982922201139
4,15,21,273,399,0.010025062656641603,0.03759398496240601,0.05263157894736842,0.6842105263157895
3,46,30,720,1076,0.0027881040892193307,0.04275092936802974,0.027881040892193308,0.6691449814126395
9,22,16,414,628,0.014331210191082803,0.03503184713375796,0.025477707006369428,0.6592356687898089
2,19,18,354,532,0.0037593984962406013,0.03571428571428571,0.03383458646616541,0.6654135338345865
1,39,15,485,770,0.0012987012987012987,0.05064935064935065,0.01948051948051948,0.6298701298701299
16,155,55,2436,3730,0.004289544235924933,0.04155495978552279,0.014745308310991957,0.6530831099195711
0,21,6,326,514,0.0,0.04085603112840467,0.011673151750972763,0.6342412451361867
1,34,30,420,691,0.001447178002894356,0.049204052098408106,0.04341534008683068,0.6078147612156295
10,46,48,756,1245,0.008032128514056224,0.036947791164658635,0.03855421686746988,0.6072289156626506
0,20,7,280,482,0.0,0.04149377593360996,0.014522821576763486,0.5809128630705395
0,0,1,0,1,0.0,0.0,1.0,0.0
7,53,33,995,1461,0.004791238877481177,0.03627652292950034,0.022587268993839837,0.6810403832991102
7,21,40,302,452,0.015486725663716814,0.046460176991150445,0.08849557522123894,0.668141592920354
0,0,8,6,14,0.0,0.0,0.5714285714285714,0.42857142857142855
0,0,7,0,7,0.0,0.0,1.0,0.0
6,56,19,903,1315,0.0045627376425855515,0.04258555133079848,0.014448669201520912,0.6866920152091255
3,18,17,266,406,0.007389162561576354,0.04433497536945813,0.04187192118226601,0.6551724137931034
0,0,2,0,2,0.0,0.0,1.0,0.0
0,9,1,126,204,0.0,0.04411764705882353,0.004901960784313725,0.6176470588235294
0,28,4,596,909,0.0,0.030803080308030802,0.0044004400440044,0.6556655665566556
1,0,0,0,1,1.0,0.0,0.0,0.0
1,47,41,718,1081,0.0009250693802035153,0.043478260869565216,0.037927844588344126,0.6641998149861239
4,31,21,443,731,0.005471956224350205,0.04240766073871409,0.028727770177838577,0.6060191518467852
1,10,8,181,286,0.0034965034965034965,0.03496503496503497,0.027972027972027972,0.6328671328671329
21,201,76,2627,4277,0.004909983633387889,0.0469955576338555,0.017769464577975215,0.6142155716623802
2,13,11,264,375,0.005333333333333333,0.034666666666666665,0.029333333333333333,0.704
0,14,11,218,348,0.0,0.040229885057471264,0.031609195402298854,0.6264367816091954
0,0,2,0,2,0.0,0.0,1.0,0.0
6,42,34,852,1241,0.004834810636583401,0.03384367445608381,0.0273972602739726,0.6865431103948428
2,39,15,610,967,0.002068252326783868,0.04033092037228542,0.015511892450879007,0.6308169596690796
0,0,2,0,2,0.0,0.0,1.0,0.0
4,84,41,1207,1960,0.0020408163265306124,0.04285714285714286,0.020918367346938777,0.6158163265306122
5,69,20,1030,1721,0.002905287623474724,0.04009296920395119,0.011621150493898896,0.5984892504357932
1,6,6,95,146,0.00684931506849315,0.0410958904109589,0.0410958904109589,0.6506849315068494
1,30,14,512,758,0.0013192612137203166,0.0395778364116095,0.018469656992084433,0.6754617414248021
6,67,33,937,1507,0.003981420039814201,0.04445919044459191,0.021897810218978103,0.621765096217651
17,128,42,1861,2976,0.00571236559139785,0.043010752688172046,0.014112903225806451,0.6253360215053764
26,240,51,3230,5212,0.0049884881043745204,0.04604758250191865,0.009785111281657714,0.6197237145049885
3,54,36,706,1162,0.0025817555938037868,0.04647160068846816,0.03098106712564544,0.6075731497418244
2,35,16,554,909,0.0022002200220022,0.03850385038503851,0.0176017601760176,0.6094609460946094
0,10,20,195,295,0.0,0.03389830508474576,0.06779661016949153,0.6610169491525424
12,86,45,1443,2236,0.005366726296958855,0.038461538461538464,0.020125223613595707,0.6453488372093024
3,60,43,935,1466,0.0020463847203274215,0.040927694406548434,0.029331514324693043,0.6377899045020464
2,12,15,349,539,0.0037105751391465678,0.022263450834879406,0.027829313543599257,0.647495361781076
7,56,23,784,1223,0.005723630417007359,0.04578904333605887,0.018806214227309895,0.6410466067048242
4,39,62,613,1043,0.003835091083413231,0.037392138063279005,0.059443911792905084,0.5877277085330777
3,17,15,328,511,0.005870841487279843,0.033268101761252444,0.029354207436399216,0.6418786692759295
5,57,31,842,1348,0.00370919881305638,0.04228486646884273,0.022997032640949554,0.6246290801186943
10,34,19,665,960,0.010416666666666666,0.035416666666666666,0.019791666666666666,0.6927083333333334
6,21,20,488,771,0.007782101167315175,0.027237354085603113,0.02594033722438392,0.6329442282749675
2,50,10,783,1150,0.0017391304347826088,0.043478260869565216,0.008695652173913044,0.6808695652173913
14,94,55,1435,2282,0.006134969325153374,0.04119193689745837,0.024101665205959685,0.6288343558282209
2,5,13,124,201,0.009950248756218905,0.024875621890547265,0.06467661691542288,0.6169154228855721
4,22,19,352,563,0.007104795737122558,0.03907637655417407,0.03374777975133215,0.6252220248667851
4,53,57,586,1065,0.003755868544600939,0.04976525821596244,0.05352112676056338,0.5502347417840375
4,34,43,495,847,0.004722550177095631,0.04014167650531287,0.05076741440377804,0.5844155844155844
5,34,37,641,997,0.0050150451354062184,0.034102306920762285,0.037111334002006016,0.6429287863590772
1,0,0,0,1,1.0,0.0,0.0,0.0
0,0,7,21,28,0.0,0.0,0.25,0.75
4,98,40,1449,2370,0.0016877637130801688,0.04135021097046414,0.016877637130801686,0.6113924050632912
7,66,28,1069,1601,0.004372267332916927,0.04122423485321674,0.017489069331667707,0.6677076826983136
2,3,13,30,65,0.03076923076923077,0.046153846153846156,0.2,0.46153846153846156
0,0,6,5,13,0.0,0.0,0.46153846153846156,0.38461538461538464
11,74,90,903,1579,0.006966434452184927,0.046865104496516784,0.056998100063331225,0.5718809373020899
2,32,23,357,584,0.003424657534246575,0.0547945205479452,0.039383561643835614,0.6113013698630136
1,12,2,119,190,0.005263157894736842,0.06315789473684211,0.010526315789473684,0.6263157894736842
1,7,21,27,70,0.014285714285714285,0.1,0.3,0.38571428571428573
1,11,10,296,437,0.002288329519450801,0.02517162471395881,0.02288329519450801,0.6773455377574371
6,52,9,664,1011,0.005934718100890208,0.051434223541048464,0.008902077151335312,0.6567754698318496
0,0,1,0,1,0.0,0.0,1.0,0.0
4,35,6,584,909,0.0044004400440044,0.03850385038503851,0.006600660066006601,0.6424642464246425
1,12,3,139,205,0.004878048780487805,0.05853658536585366,0.014634146341463415,0.6780487804878049
0,3,13,50,80,0.0,0.0375,0.1625,0.625
8,81,46,1436,2263,0.003535130357931949,0.035793194874060984,0.020326999558108707,0.6345558992487847
7,51,31,820,1242,0.005636070853462158,0.04106280193236715,0.0249597423510467,0.6602254428341385
6,43,9,731,1105,0.005429864253393665,0.03891402714932127,0.008144796380090498,0.6615384615384615
7,183,54,2287,3714,0.001884760366182014,0.049273021001615507,0.014539579967689823,0.6157781367797522
7,52,33,618,950,0.007368421052631579,0.05473684210526316,0.034736842105263156,0.6505263157894737
7,104,28,1435,2309,0.0030316154179298397,0.04504114335210048,0.012126461671719359,0.6214811606756172
5,80,18,1192,1860,0.002688172043010753,0.043010752688172046,0.00967741935483871,0.6408602150537634
6,73,38,1191,1897,0.0031628887717448603,0.03848181338956247,0.020031628887717447,0.6278334211913548
4,15,20,424,610,0.006557377049180328,0.02459016393442623,0.03278688524590164,0.6950819672131148
7,37,15,582,947,0.007391763463569166,0.03907074973600845,0.01583949313621964,0.614572333685322
3,78,19,1270,1901,0.0015781167806417674,0.041031036296685953,0.009994739610731194,0.6680694371383482
6,117,52,1804,2700,0.0022222222222222222,0.043333333333333335,0.01925925925925926,0.6681481481481482
6,49,30,694,1111,0.0054005400540054005,0.04410441044104411,0.027002700270027002,0.6246624662466247
4,44,59,828,1320,0.0030303030303030303,0.03333333333333333,0.0446969696969697,0.6272727272727273
2,28,49,579,912,0.0021929824561403508,0.03070175438596491,0.0537280701754386,0.6348684210526315
13,49,62,643,1078,0.012059369202226345,0.045454545454545456,0.0575139146567718,0.5964749536178108
4,90,21,1305,2045,0.0019559902200488996,0.044009779951100246,0.010268948655256724,0.6381418092909535
4,16,5,113,236,0.01694915254237288,0.06779661016949153,0.0211864406779661,0.4788135593220339
0,10,17,231,348,0.0,0.028735632183908046,0.04885057471264368,0.6637931034482759
7,159,55,2208,3479,0.002012072434607646,0.04570278815751653,0.015809140557631503,0.6346651336590975
2,50,25,639,1027,0.0019474196689386564,0.04868549172346641,0.024342745861733205,0.6222005842259006
0,0,2,0,2,0.0,0.0,1.0,0.0
1,6,11,95,168,0.005952380952380952,0.03571428571428571,0.06547619047619048,0.5654761904761905
1,5,4,137,214,0.004672897196261682,0.02336448598130841,0.018691588785046728,0.6401869158878505
8,112,37,1617,2574,0.003108003108003108,0.04351204351204351,0.014374514374514374,0.6282051282051282
2,6,7,84,149,0.013422818791946308,0.040268456375838924,0.04697986577181208,0.5637583892617449
3,26,16,259,476,0.0063025210084033615,0.0546218487394958,0.03361344537815126,0.5441176470588235
0,39,35,556,951,0.0,0.04100946372239748,0.03680336487907466,0.5846477392218717
0,0,3,0,3,0.0,0.0,1.0,0.0
2,16,41,179,330,0.006060606060606061,0.048484848484848485,0.12424242424242424,0.5424242424242425
4,27,24,294,491,0.008146639511201629,0.054989816700611,0.048879837067209775,0.5987780040733197
2,33,27,486,791,0.0025284450063211127,0.041719342604298354,0.03413400758533502,0.6144121365360303
5,45,55,794,1272,0.003930817610062893,0.03537735849056604,0.04323899371069182,0.6242138364779874
7,88,62,1126,1893,0.0036978341257263604,0.04648705758055996,0.032752245113576335,0.5948230322239831
5,52,60,539,936,0.005341880341880342,0.05555555555555555,0.0641025641025641,0.5758547008547008
5,41,27,389,680,0.007352941176470588,0.060294117647058824,0.039705882352941174,0.5720588235294117
0,2,0,19,51,0.0,0.0392156862745098,0.0,0.37254901960784315
5,46,18,483,754,0.006631299734748011,0.0610079575596817,0.023872679045092837,0.6405835543766578
3,24,5,357,532,0.005639097744360902,0.045112781954887216,0.009398496240601503,0.6710526315789473
6,56,27,840,1353,0.004434589800443459,0.04138950480413895,0.019955654101995565,0.6208425720620843
2,25,9,458,685,0.00291970802919708,0.0364963503649635,0.013138686131386862,0.6686131386861314
0,0,1,0,1,0.0,0.0,1.0,0.0
10,58,23,804,1323,0.007558578987150416,0.04383975812547241,0.017384731670445956,0.6077097505668935
2,7,9,157,246,0.008130081300813009,0.028455284552845527,0.036585365853658534,0.6382113821138211
9,107,83,1576,2533,0.0035530990919857876,0.04224240031583103,0.03276746940386893,0.6221871298855113
9,105,64,1523,2399,0.003751563151313047,0.04376823676531888,0.026677782409337224,0.6348478532721967
4,14,37,380,574,0.006968641114982578,0.024390243902439025,0.06445993031358885,0.662020905923345
13,159,44,2315,3644,0.0035675082327113064,0.04363336992316136,0.012074643249176729,0.6352908891328211
28,197,123,3470,5527,0.005066039442735661,0.035643206079247335,0.02225438755201737,0.6278270309390266
3,18,10,347,593,0.00505902192242833,0.03035413153456998,0.016863406408094434,0.5851602023608768
9,42,23,750,1204,0.007475083056478406,0.03488372093023256,0.01910299003322259,0.6229235880398671
0,20,19,348,540,0.0,0.037037037037037035,0.03518518518518519,0.6444444444444445
8,88,55,1282,2064,0.003875968992248062,0.04263565891472868,0.026647286821705425,0.6211240310077519
0,0,5,0,5,0.0,0.0,1.0,0.0
1,4,12,53,82,0.012195121951219513,0.04878048780487805,0.14634146341463414,0.6463414634146342
0,0,3,0,3,0.0,0.0,1.0,0.0
1,21,20,222,409,0.0024449877750611247,0.05134474327628362,0.0488997555012225,0.5427872860635696
4,40,11,672,1099,0.003639672429481347,0.036396724294813464,0.010009099181073703,0.6114649681528662
2,25,23,407,627,0.003189792663476874,0.03987240829346093,0.03668261562998405,0.6491228070175439
2,18,43,465,740,0.002702702702702703,0.024324324324324326,0.05810810810810811,0.6283783783783784
1,10,5,120,177,0.005649717514124294,0.05649717514124294,0.02824858757062147,0.6779661016949152
0,4,38,182,333,0.0,0.012012012012012012,0.11411411411411411,0.5465465465465466
2,43,22,1008,1464,0.001366120218579235,0.029371584699453553,0.015027322404371584,0.6885245901639344
6,37,42,810,1208,0.004966887417218543,0.030629139072847682,0.0347682119205298,0.6705298013245033
2,40,13,643,981,0.0020387359836901123,0.040774719673802244,0.013251783893985729,0.6554536187563711
6,101,35,1141,1853,0.0032379924446842958,0.05450620615218565,0.018888289260658393,0.6157582298974635
8,80,47,1148,1854,0.004314994606256742,0.043149946062567425,0.02535059331175836,0.6192017259978425
0,2,18,20,50,0.0,0.04,0.36,0.4
0,18,11,171,303,0.0,0.0594059405940594,0.036303630363036306,0.5643564356435643
4,66,27,919,1413,0.0028308563340410475,0.04670912951167728,0.01910828025477707,0.6503892427459307
1,5,8,54,89,0.011235955056179775,0.056179775280898875,0.0898876404494382,0.6067415730337079
10,99,50,1372,2138,0.004677268475210477,0.04630495790458372,0.023386342376052385,0.6417212347988774
2,34,18,406,667,0.0029985007496251873,0.050974512743628186,0.026986506746626688,0.6086956521739131
7,38,23,735,1089,0.006427915518824609,0.03489439853076217,0.021120293847566574,0.6749311294765841
1,22,12,273,485,0.002061855670103093,0.04536082474226804,0.024742268041237112,0.5628865979381443
3,47,42,716,1162,0.0025817555938037868,0.04044750430292599,0.03614457831325301,0.6161790017211703
11,76,56,1033,1635,0.00672782874617737,0.046483180428134555,0.03425076452599388,0.6318042813455658
1,4,1,126,185,0.005405405405405406,0.021621621621621623,0.005405405405405406,0.6810810810810811
5,28,31,492,757,0.0066050198150594455,0.036988110964332896,0.04095112285336856,0.6499339498018494
3,46,45,563,881,0.00340522133938706,0.05221339387060159,0.0510783200908059,0.6390465380249716
4,52,9,714,1137,0.003518029903254178,0.04573438874230431,0.0079155672823219,0.6279683377308707
6,41,32,440,766,0.007832898172323759,0.05352480417754569,0.04177545691906005,0.5744125326370757
4,27,37,546,852,0.004694835680751174,0.03169014084507042,0.04342723004694836,0.6408450704225352
2,20,15,428,678,0.0029498525073746312,0.029498525073746312,0.022123893805309734,0.6312684365781711
1,64,9,914,1436,0.0006963788300835655,0.04456824512534819,0.006267409470752089,0.6364902506963789
0,0,1,0,1,0.0,0.0,1.0,0.0
0,8,5,109,177,0.0,0.04519774011299435,0.02824858757062147,0.615819209039548
10,79,13,1120,1690,0.005917159763313609,0.04674556213017751,0.007692307692307693,0.6627218934911243
0,0,1,0,1,0.0,0.0,1.0,0.0
5,76,70,954,1633,0.003061849357011635,0.04654011022657685,0.04286589099816289,0.58420085731782
18,134,92,1873,2985,0.006030150753768844,0.04489112227805695,0.03082077051926298,0.6274706867671692
1,39,14,728,1019,0.0009813542688910696,0.038272816486751716,0.013738959764474975,0.7144259077526988
9,94,35,1512,2315,0.0038876889848812094,0.04060475161987041,0.01511879049676026,0.6531317494600432
2,39,28,516,885,0.0022598870056497176,0.04406779661016949,0.031638418079096044,0.5830508474576271
14,74,39,1083,1742,0.008036739380022962,0.04247990815154994,0.022388059701492536,0.621699196326062
2,32,12,577,892,0.002242152466367713,0.03587443946188341,0.013452914798206279,0.6468609865470852
6,89,17,1114,1849,0.003244997295835587,0.04813412655489454,0.009194159004867496,0.6024878312601406
10,138,37,1678,2698,0.0037064492216456633,0.05114899925871016,0.013713862120088955,0.6219421793921424
3,25,10,295,503,0.005964214711729622,0.04970178926441352,0.019880715705765408,0.5864811133200796
0,37,18,509,870,0.0,0.04252873563218391,0.020689655172413793,0.5850574712643678
0,7,8,128,207,0.0,0.033816425120772944,0.03864734299516908,0.6183574879227053
1,0,0,0,1,1.0,0.0,0.0,0.0
7,38,16,598,939,0.007454739084132056,0.04046858359957402,0.01703940362087327,0.6368477103301384
1,0,0,0,1,1.0,0.0,0.0,0.0
5,46,16,524,804,0.006218905472636816,0.05721393034825871,0.01990049751243781,0.6517412935323383
2,20,33,320,510,0.00392156862745098,0.0392156862745098,0.06470588235294118,0.6274509803921569
0,0,15,16,31,0.0,0.0,0.4838709677419355,0.5161290322580645
1,0,0,0,1,1.0,0.0,0.0,0.0
0,9,3,138,227,0.0,0.039647577092511016,0.013215859030837005,0.6079295154185022
0,12,23,162,261,0.0,0.04597701149425287,0.08812260536398467,0.6206896551724138
3,31,20,339,594,0.005050505050505051,0.05218855218855219,0.03367003367003367,0.5707070707070707
5,66,58,954,1507,0.0033178500331785005,0.043795620437956206,0.038487060384870604,0.6330457863304578
2,10,14,178,290,0.006896551724137931,0.034482758620689655,0.04827586206896552,0.6137931034482759
3,19,20,350,533,0.005628517823639775,0.03564727954971857,0.0375234521575985,0.6566604127579737
6,85,44,1169,1951,0.0030753459764223477,0.04356740133264992,0.02255253716043055,0.5991799077396207
4,58,40,723,1240,0.0032258064516129032,0.0467741935483871,0.03225806451612903,0.5830645161290322
4,44,8,779,1184,0.0033783783783783786,0.037162162162162164,0.006756756756756757,0.6579391891891891
11,133,40,1811,2929,0.0037555479685899623,0.04540798907476955,0.013656538067599864,0.6182997610105838
1,29,13,301,481,0.002079002079002079,0.060291060291060294,0.02702702702702703,0.6257796257796258
18,174,93,2530,4182,0.00430416068866571,0.04160688665710186,0.02223816355810617,0.6049736967957915
2,37,34,480,800,0.0025,0.04625,0.0425,0.6
8,68,39,890,1400,0.005714285714285714,0.04857142857142857,0.027857142857142858,0.6357142857142857
3,33,19,586,878,0.003416856492027335,0.03758542141230068,0.02164009111617312,0.6674259681093394
17,72,35,831,1420,0.011971830985915493,0.05070422535211268,0.02464788732394366,0.5852112676056338
2,26,44,421,706,0.0028328611898017,0.036827195467422094,0.06232294617563739,0.5963172804532578
7,30,67,475,762,0.009186351706036745,0.03937007874015748,0.08792650918635171,0.6233595800524935
7,88,28,1100,1819,0.0038482682792743265,0.04837822979659153,0.015393073117097306,0.6047278724573941
1,0,15,0,16,0.0625,0.0,0.9375,0.0
0,0,16,29,65,0.0,0.0,0.24615384615384617,0.4461538461538462
0,14,48,217,361,0.0,0.038781163434903045,0.1329639889196676,0.6011080332409973
2,27,19,332,563,0.003552397868561279,0.047957371225577264,0.03374777975133215,0.5896980461811723
2,11,18,243,389,0.005141388174807198,0.028277634961439587,0.04627249357326478,0.6246786632390745
1,15,8,340,503,0.0019880715705765406,0.02982107355864811,0.015904572564612324,0.6759443339960238
4,18,23,165,328,0.012195121951219513,0.054878048780487805,0.0701219512195122,0.5030487804878049
4,57,25,799,1266,0.00315955766192733,0.045023696682464455,0.019747235387045814,0.6311216429699842
1,5,5,92,161,0.006211180124223602,0.031055900621118012,0.031055900621118012,0.5714285714285714
10,55,33,871,1382,0.00723589001447178,0.03979739507959479,0.023878437047756874,0.630246020260492
2,4,4,114,160,0.0125,0.025,0.025,0.7125
0,0,1,0,1,0.0,0.0,1.0,0.0
6,55,71,865,1407,0.0042643923240938165,0.03909026297085998,0.05046197583511016,0.6147832267235253
2,8,7,250,331,0.006042296072507553,0.02416918429003021,0.021148036253776436,0.7552870090634441
9,128,44,2094,3322,0.0027092113184828417,0.03853100541842264,0.013245033112582781,0.6303431667670079
10,130,50,2000,3103,0.003222687721559781,0.04189494038027715,0.016113438607798906,0.6445375443119562
3,18,49,313,526,0.005703422053231939,0.034220532319391636,0.09315589353612168,0.5950570342205324
1,0,3,14,24,0.041666666666666664,0.0,0.125,0.5833333333333334
14,92,23,1541,2508,0.005582137161084529,0.03668261562998405,0.009170653907496013,0.6144338118022329
5,71,59,1076,1678,0.0029797377830750892,0.04231227651966627,0.035160905840286055,0.6412395709177592
0,4,18,60,101,0.0,0.039603960396039604,0.1782178217821782,0.594059405940594
4,42,21,766,1128,0.0035460992907801418,0.03723404255319149,0.018617021276595744,0.6790780141843972
1,5,6,78,113,0.008849557522123894,0.04424778761061947,0.05309734513274336,0.6902654867256637
5,108,40,1416,2153,0.0023223409196470044,0.05016256386437529,0.018578727357176035,0.6576869484440316
8,82,51,1071,1738,0.004602991944764097,0.047180667433831994,0.029344073647871116,0.6162255466052935
8,47,89,722,1272,0.006289308176100629,0.036949685534591194,0.0699685534591195,0.5676100628930818
8,110,56,1613,2447,0.0032693093583980384,0.04495300367797303,0.02288516550878627,0.6591744993870045
3,14,22,170,287,0.010452961672473868,0.04878048780487805,0.07665505226480836,0.5923344947735192
4,44,28,633,1029,0.003887269193391642,0.042759961127308066,0.027210884353741496,0.6151603498542274
3,18,39,230,423,0.0070921985815602835,0.0425531914893617,0.09219858156028368,0.5437352245862884
1,0,25,0,26,0.038461538461538464,0.0,0.9615384615384616,0.0
4,69,4,911,1426,0.002805049088359046,0.04838709677419355,0.002805049088359046,0.6388499298737728
6,30,12,578,862,0.0069605568445475635,0.03480278422273782,0.013921113689095127,0.6705336426914154
4,50,60,546,924,0.004329004329004329,0.05411255411255411,0.06493506493506493,0.5909090909090909
2,32,30,556,879,0.0022753128555176336,0.03640500568828214,0.034129692832764506,0.6325369738339022
6,45,28,723,1177,0.005097706032285472,0.038232795242141036,0.0237892948173322,0.6142735768903993
4,35,15,448,746,0.005361930294906166,0.04691689008042895,0.020107238605898123,0.6005361930294906
1,47,9,628,939,0.0010649627263045794,0.05005324813631523,0.009584664536741214,0.6687965921192758
13,86,29,1478,2258,0.005757307351638618,0.03808680248007086,0.012843224092116917,0.6545615589016829
5,29,27,496,731,0.006839945280437756,0.03967168262653899,0.036935704514363885,0.6785225718194254
0,0,1,0,1,0.0,0.0,1.0,0.0
11,39,50,726,1145,0.00960698689956332,0.03406113537117904,0.043668122270742356,0.634061135371179
1,12,9,134,257,0.0038910505836575876,0.04669260700389105,0.03501945525291829,0.5214007782101168
6,54,9,538,943,0.006362672322375398,0.05726405090137858,0.009544008483563097,0.5705196182396607
3,19,29,361,551,0.0054446460980036296,0.034482758620689655,0.05263157894736842,0.6551724137931034
5,7,37,118,213,0.023474178403755867,0.03286384976525822,0.17370892018779344,0.5539906103286385
2,9,3,314,444,0.0045045045045045045,0.02027027027027027,0.006756756756756757,0.7072072072072072
10,69,45,1222,1825,0.005479452054794521,0.03780821917808219,0.024657534246575342,0.6695890410958905
1,13,4,148,241,0.004149377593360996,0.05394190871369295,0.016597510373443983,0.6141078838174274
1,28,12,461,672,0.001488095238095238,0.041666666666666664,0.017857142857142856,0.6860119047619048
9,58,23,829,1301,0.006917755572636433,0.044581091468101464,0.017678708685626442,0.6372021521906226
5,43,22,518,867,0.0057670126874279125,0.049596309111880045,0.025374855824682813,0.5974625144175317
2,1,11,51,90,0.022222222222222223,0.011111111111111112,0.12222222222222222,0.5666666666666667
1,40,40,786,1279,0.0007818608287724785,0.03127443315089914,0.03127443315089914,0.6145426114151681
10,47,47,647,1059,0.009442870632672332,0.044381491973559964,0.044381491973559964,0.6109537299339
2,54,26,660,1047,0.0019102196752626551,0.05157593123209169,0.024832855778414518,0.6303724928366762
11,71,72,798,1399,0.007862759113652609,0.05075053609721229,0.05146533238027162,0.5704074338813439
6,83,44,1301,2069,0.0028999516674722086,0.04011599806669889,0.02126631222812953,0.6288061865635572
1,7,12,167,244,0.004098360655737705,0.028688524590163935,0.04918032786885246,0.6844262295081968
14,87,18,1491,2281,0.006137658921525646,0.03814116615519509,0.00789127575624726,0.6536606751424814
3,20,11,277,412,0.007281553398058253,0.04854368932038835,0.02669902912621359,0.6723300970873787
4,35,14,533,845,0.004733727810650888,0.04142011834319527,0.016568047337278107,0.6307692307692307
6,31,18,559,869,0.006904487917146145,0.03567318757192175,0.020713463751438434,0.6432681242807825
10,39,9,580,943,0.010604453870625663,0.041357370095440084,0.009544008483563097,0.6150583244962884
1,19,23,351,593,0.0016863406408094434,0.03204047217537943,0.0387858347386172,0.5919055649241147
4,6,2,80,133,0.03007518796992481,0.045112781954887216,0.015037593984962405,0.6015037593984962
2,6,1,129,217,0.009216589861751152,0.027649769585253458,0.004608294930875576,0.5944700460829493
5,61,45,1035,1716,0.002913752913752914,0.035547785547785545,0.026223776223776224,0.6031468531468531
8,66,44,1134,1833,0.00436442989634479,0.03600654664484452,0.024004364429896344,0.618657937806874
6,44,56,868,1335,0.0044943820224719105,0.03295880149812734,0.041947565543071164,0.650187265917603
1,2,6,112,156,0.00641025641025641,0.01282051282051282,0.038461538461538464,0.717948717948718
7,127,59,1812,2915,0.0024013722126929675,0.04356775300171527,0.020240137221269296,0.6216123499142368
2,8,8,99,175,0.011428571428571429,0.045714285714285714,0.045714285714285714,0.5657142857142857
3,31,28,399,666,0.0045045045045045045,0.046546546546546545,0.042042042042042045,0.5990990990990991
1,0,13,22,37,0.02702702702702703,0.0,0.35135135135135137,0.5945945945945946
1,7,41,183,316,0.0031645569620253164,0.022151898734177215,0.12974683544303797,0.5791139240506329
3,34,11,558,829,0.0036188178528347406,0.04101326899879373,0.013268998793727383,0.6731001206272618
12,90,49,1583,2458,0.004882017900732303,0.03661513425549227,0.019934906427990236,0.6440195280716029
8,119,68,1880,2952,0.0027100271002710027,0.04031165311653116,0.023035230352303523,0.6368563685636857
7,44,43,554,947,0.007391763463569166,0.046462513199577615,0.0454065469904963,0.5850052798310454
2,14,26,161,323,0.006191950464396285,0.043343653250773995,0.0804953560371517,0.4984520123839009
1,20,17,417,653,0.0015313935681470138,0.030627871362940276,0.026033690658499236,0.6385911179173047
12,141,53,1863,2978,0.004029550033579583,0.047347212894560106,0.017797179314976493,0.6255876427132303
5,68,46,1029,1664,0.0030048076923076925,0.040865384615384616,0.027644230769230768,0.6183894230769231
1,0,0,0,1,1.0,0.0,0.0,0.0
0,2,7,83,131,0.0,0.015267175572519083,0.05343511450381679,0.6335877862595419
4,61,16,809,1320,0.0030303030303030303,0.04621212121212121,0.012121212121212121,0.6128787878787879
3,36,31,496,806,0.0037220843672456576,0.04466501240694789,0.038461538461538464,0.6153846153846154
7,20,42,402,653,0.010719754977029096,0.030627871362940276,0.06431852986217458,0.6156202143950995
3,30,27,305,549,0.00546448087431694,0.0546448087431694,0.04918032786885246,0.5555555555555556
7,58,66,903,1404,0.004985754985754986,0.04131054131054131,0.04700854700854701,0.6431623931623932
2,15,3,213,350,0.005714285714285714,0.04285714285714286,0.008571428571428572,0.6085714285714285
3,12,4,135,233,0.012875536480686695,0.05150214592274678,0.017167381974248927,0.5793991416309013
1,0,0,0,1,1.0,0.0,0.0,0.0
5,73,15,1067,1706,0.0029308323563892145,0.04279015240328253,0.008792497069167644,0.6254396248534584
1,13,4,308,446,0.002242152466367713,0.02914798206278027,0.008968609865470852,0.6905829596412556
8,35,16,681,1099,0.007279344858962694,0.03184713375796178,0.014558689717925387,0.6196542311191993
5,87,45,1020,1782,0.0028058361391694723,0.04882154882154882,0.025252525252525252,0.5723905723905723
1,31,7,317,528,0.001893939393939394,0.058712121212121215,0.013257575757575758,0.6003787878787878
3,38,10,650,991,0.0030272452068617556,0.03834510595358224,0.010090817356205853,0.6559031281533805
4,99,26,1445,2242,0.001784121320249777,0.04415700267618198,0.01159678858162355,0.644513826940232
1,0,0,0,1,1.0,0.0,0.0,0.0
0,0,1,4,5,0.0,0.0,0.2,0.8
4,5,1,90,142,0.028169014084507043,0.035211267605633804,0.007042253521126761,0.6338028169014085
3,35,15,589,939,0.003194888178913738,0.03727369542066028,0.01597444089456869,0.6272630457933972
2,7,16,91,179,0.0111731843575419,0.03910614525139665,0.0893854748603352,0.5083798882681564
0,0,1,0,1,0.0,0.0,1.0,0.0
0,2,12,38,65,0.0,0.03076923076923077,0.18461538461538463,0.5846153846153846
1,30,35,407,678,0.0014749262536873156,0.04424778761061947,0.051622418879056046,0.6002949852507374
2,18,6,281,440,0.004545454545454545,0.04090909090909091,0.013636363636363636,0.6386363636363637
1,45,16,653,1109,0.0009017132551848512,0.0405770964833183,0.014427412082957619,0.5888187556357078
0,0,5,0,5,0.0,0.0,1.0,0.0
5,24,27,485,721,0.006934812760055479,0.033287101248266296,0.03744798890429958,0.6726768377253814
1,21,2,195,314,0.0031847133757961785,0.06687898089171974,0.006369426751592357,0.6210191082802548
4,61,28,711,1169,0.003421727972626176,0.05218135158254919,0.023952095808383235,0.6082121471343028
3,77,21,951,1536,0.001953125,0.050130208333333336,0.013671875,0.619140625
3,34,13,501,794,0.003778337531486146,0.042821158690176324,0.0163727959697733,0.6309823677581864
8,52,32,804,1214,0.006589785831960461,0.042833607907743,0.026359143327841845,0.6622734761120264
1,32,23,476,736,0.001358695652173913,0.043478260869565216,0.03125,0.6467391304347826
11,88,38,1365,2233,0.0049261083743842365,0.03940886699507389,0.01701746529332736,0.6112852664576802
5,60,53,1064,1593,0.003138731952291274,0.03766478342749529,0.03327055869428751,0.6679221594475832
1,0,0,0,1,1.0,0.0,0.0,0.0
1,54,23,659,1063,0.0009407337723424271,0.05079962370649106,0.021636876763875823,0.6199435559736595
1,20,33,333,529,0.001890359168241966,0.03780718336483932,0.062381852551984876,0.6294896030245747
0,1,5,8,16,0.0,0.0625,0.3125,0.5
1,0,0,0,1,1.0,0.0,0.0,0.0
0,5,1,87,141,0.0,0.03546099290780142,0.0070921985815602835,0.6170212765957447
11,77,69,1288,2035,0.005405405405405406,0.03783783783783784,0.033906633906633905,0.6329238329238329
3,29,15,422,628,0.004777070063694267,0.04617834394904458,0.02388535031847134,0.6719745222929936
3,30,12,491,756,0.003968253968253968,0.03968253968253968,0.015873015873015872,0.6494708994708994
3,42,13,550,870,0.0034482758620689655,0.04827586206896552,0.014942528735632184,0.632183908045977
12,107,39,1676,2597,0.004620716211012707,0.04120138621486331,0.015017327685791297,0.6453600308047748
4,62,39,981,1584,0.0025252525252525255,0.039141414141414144,0.02462121212121212,0.6193181818181818
0,0,10,0,10,0.0,0.0,1.0,0.0
4,29,22,435,617,0.006482982171799027,0.04700162074554295,0.03565640194489465,0.7050243111831442
0,13,11,94,173,0.0,0.07514450867052024,0.06358381502890173,0.5433526011560693
8,100,45,1510,2364,0.00338409475465313,0.04230118443316413,0.01903553299492386,0.6387478849407784
13,68,31,1212,1792,0.007254464285714286,0.03794642857142857,0.017299107142857144,0.6763392857142857
6,59,56,782,1323,0.0045351473922902496,0.044595616024187455,0.042328042328042326,0.5910808767951625
3,40,8,549,877,0.0034207525655644243,0.04561003420752566,0.009122006841505131,0.6259977194982896
7,33,36,512,869,0.00805523590333717,0.0379746835443038,0.04142692750287687,0.5891829689298044
13,93,103,1559,2442,0.005323505323505323,0.038083538083538086,0.04217854217854218,0.6384111384111384
12,129,51,1915,3018,0.003976143141153081,0.042743538767395624,0.016898608349900597,0.6345261762756793
5,19,30,288,483,0.010351966873706004,0.039337474120082816,0.062111801242236024,0.5962732919254659
5,23,36,292,466,0.01072961373390558,0.04935622317596566,0.07725321888412018,0.6266094420600858
3,10,26,314,462,0.006493506493506494,0.021645021645021644,0.05627705627705628,0.6796536796536796
1,4,10,104,175,0.005714285714285714,0.022857142857142857,0.05714285714285714,0.5942857142857143
6,85,26,1252,1967,0.003050330452465684,0.043213014743263854,0.013218098627351297,0.6365022877478393
5,40,44,635,1012,0.004940711462450593,0.039525691699604744,0.043478260869565216,0.6274703557312253
12,132,40,2023,3203,0.003746487667811427,0.04121136434592569,0.012488292226038089,0.6315953793318764
0,23,10,414,617,0.0,0.03727714748784441,0.01620745542949757,0.6709886547811994
0,0,4,5,9,0.0,0.0,0.4444444444444444,0.5555555555555556
3,34,12,616,960,0.003125,0.035416666666666666,0.0125,0.6416666666666667
1,7,2,168,233,0.004291845493562232,0.030042918454935622,0.008583690987124463,0.721030042918455
0,5,5,61,106,0.0,0.04716981132075472,0.04716981132075472,0.5754716981132075
0,20,55,293,505,0.0,0.039603960396039604,0.10891089108910891,0.5801980198019802
2,35,37,695,1102,0.0018148820326678765,0.03176043557168784,0.03357531760435572,0.6306715063520871
0,0,2,0,2,0.0,0.0,1.0,0.0
0,2,1,92,143,0.0,0.013986013986013986,0.006993006993006993,0.6433566433566433
6,77,29,1267,1943,0.003088008234688626,0.03962943901183737,0.014925373134328358,0.6520844055584148
5,21,21,419,686,0.007288629737609329,0.030612244897959183,0.030612244897959183,0.6107871720116618
7,15,22,268,433,0.016166281755196306,0.03464203233256351,0.050808314087759814,0.6189376443418014
1,8,15,264,357,0.0028011204481792717,0.022408963585434174,0.04201680672268908,0.7394957983193278
1,33,8,554,855,0.0011695906432748538,0.03859649122807018,0.00935672514619883,0.6479532163742691
8,86,32,1358,2164,0.0036968576709796672,0.03974121996303143,0.014787430683918669,0.6275415896487985
0,3,1,12,24,0.0,0.125,0.041666666666666664,0.5
1,0,0,0,1,1.0,0.0,0.0,0.0
0,4,4,55,72,0.0,0.05555555555555555,0.05555555555555555,0.7638888888888888
3,45,35,525,874,0.003432494279176201,0.05148741418764302,0.04004576659038902,0.6006864988558352
0,6,20,108,168,0.0,0.03571428571428571,0.11904761904761904,0.6428571428571429
6,82,37,1200,1960,0.003061224489795918,0.04183673469387755,0.018877551020408164,0.6122448979591837
4,24,30,393,635,0.006299212598425197,0.03779527559055118,0.047244094488188976,0.6188976377952756
1,1,11,0,13,0.07692307692307693,0.07692307692307693,0.8461538461538461,0.0
1,8,38,197,297,0.003367003367003367,0.026936026936026935,0.12794612794612795,0.6632996632996633
9,82,33,1221,1892,0.0047568710359408035,0.04334038054968287,0.01744186046511628,0.6453488372093024
0,30,2,301,512,0.0,0.05859375,0.00390625,0.587890625
1,54,56,742,1227,0.0008149959250203749,0.044009779951100246,0.045639771801140996,0.6047269763651182
12,48,65,775,1323,0.009070294784580499,0.036281179138321996,0.0491307634164777,0.5857898715041572
3,40,41,556,903,0.0033222591362126247,0.044296788482835,0.04540420819490587,0.6157253599114064
6,87,18,1362,2181,0.002751031636863824,0.039889958734525444,0.008253094910591471,0.624484181568088
6,41,5,606,943,0.006362672322375398,0.043478260869565216,0.005302226935312832,0.6426299045599152
3,39,41,505,840,0.0035714285714285713,0.04642857142857143,0.04880952380952381,0.6011904761904762
4,65,8,852,1384,0.002890173410404624,0.04696531791907514,0.005780346820809248,0.615606936416185
2,0,6,0,8,0.25,0.0,0.75,0.0
0,18,8,275,418,0.0,0.0430622009569378,0.019138755980861243,0.6578947368421053
6,93,56,1231,1982,0.0030272452068617556,0.046922300706357216,0.028254288597376387,0.6210898082744702
0,28,27,402,631,0.0,0.044374009508716325,0.042789223454833596,0.6370839936608558
5,78,26,1107,1755,0.002849002849002849,0.044444444444444446,0.014814814814814815,0.6307692307692307
0,19,34,310,544,0.0,0.034926470588235295,0.0625,0.5698529411764706
1,7,5,169,285,0.0035087719298245615,0.02456140350877193,0.017543859649122806,0.5929824561403508
1,19,19,370,550,0.0018181818181818182,0.034545454545454546,0.034545454545454546,0.6727272727272727
1,39,44,590,907,0.0011025358324145535,0.04299889746416759,0.04851157662624035,0.6504961411245865
6,85,45,1625,2478,0.002421307506053269,0.03430185633575464,0.018159806295399514,0.6557707828894269
6,92,99,1245,2093,0.002866698518872432,0.04395604395604396,0.04730052556139513,0.5948399426660296
1,3,2,25,35,0.02857142857142857,0.08571428571428572,0.05714285714285714,0.7142857142857143
1,12,15,196,311,0.003215434083601286,0.03858520900321544,0.04823151125401929,0.6302250803858521
1,2,7,49,87,0.011494252873563218,0.022988505747126436,0.08045977011494253,0.5632183908045977
5,36,29,633,1075,0.004651162790697674,0.03348837209302326,0.026976744186046512,0.5888372093023255
3,41,40,427,791,0.0037926675094816687,0.051833122629582805,0.05056890012642225,0.5398230088495575
0,0,2,0,2,0.0,0.0,1.0,0.0
15,123,34,1701,2795,0.005366726296958855,0.04400715563506261,0.012164579606440072,0.6085867620751342
4,61,33,773,1248,0.003205128205128205,0.04887820512820513,0.026442307692307692,0.6193910256410257
8,43,70,865,1364,0.005865102639296188,0.03152492668621701,0.051319648093841645,0.6341642228739003
12,101,61,1567,2465,0.00486815415821501,0.040973630831643,0.024746450304259635,0.6356997971602434
2,13,21,222,388,0.005154639175257732,0.03350515463917526,0.05412371134020619,0.5721649484536082
1,0,5,1,7,0.14285714285714285,0.0,0.7142857142857143,0.14285714285714285
0,0,5,0,5,0.0,0.0,1.0,0.0
3,38,29,466,809,0.003708281829419036,0.04697156983930779,0.03584672435105068,0.5760197775030902
5,48,11,922,1401,0.0035688793718772305,0.034261241970021415,0.007851534618129907,0.6581013561741613
4,48,25,563,924,0.004329004329004329,0.05194805194805195,0.027056277056277056,0.6093073593073594
7,172,83,2397,3872,0.0018078512396694215,0.04442148760330578,0.021435950413223142,0.6190599173553719
0,0,1,0,1,0.0,0.0,1.0,0.0
11,125,34,1672,2692,0.004086181277860327,0.046433878157503716,0.01263001485884101,0.6210995542347697
3,50,33,722,1238,0.0024232633279483036,0.04038772213247173,0.02665589660743134,0.5831987075928917
8,27,27,575,909,0.0088008800880088,0.0297029702970297,0.0297029702970297,0.6325632563256326
7,56,68,838,1350,0.005185185185185185,0.04148148148148148,0.05037037037037037,0.6207407407407407
3,32,4,465,721,0.004160887656033287,0.044382801664355064,0.005547850208044383,0.6449375866851595
3,8,27,123,220,0.013636363636363636,0.03636363636363636,0.12272727272727273,0.5590909090909091
0,0,1,0,1,0.0,0.0,1.0,0.0
19,109,81,1377,2200,0.008636363636363636,0.049545454545454545,0.03681818181818182,0.6259090909090909
1,11,5,139,251,0.00398406374501992,0.043824701195219126,0.0199203187250996,0.5537848605577689
0,5,15,26,63,0.0,0.07936507936507936,0.23809523809523808,0.4126984126984127
10,164,70,2054,3351,0.0029841838257236644,0.0489406147418681,0.02088928678006565,0.6129513578036407
2,30,49,508,868,0.002304147465437788,0.03456221198156682,0.056451612903225805,0.5852534562211982
1,45,24,478,817,0.0012239902080783353,0.05507955936352509,0.02937576499388005,0.5850673194614443
9,68,53,1106,1700,0.005294117647058823,0.04,0.031176470588235295,0.6505882352941177
0,2,1,21,27,0.0,0.07407407407407407,0.037037037037037035,0.7777777777777778
2,41,16,690,1066,0.001876172607879925,0.038461538461538464,0.0150093808630394,0.6472795497185742
6,48,33,663,1054,0.0056925996204933585,0.04554079696394687,0.031309297912713474,0.6290322580645161
0,0,2,0,2,0.0,0.0,1.0,0.0
0,0,1,0,1,0.0,0.0,1.0,0.0
4,37,14,642,989,0.004044489383215369,0.03741152679474216,0.014155712841253791,0.6491405460060667
2,2,29,73,123,0.016260162601626018,0.016260162601626018,0.23577235772357724,0.5934959349593496
4,29,57,520,850,0.004705882352941176,0.03411764705882353,0.06705882352941177,0.611764705882353
8,44,11,741,1096,0.0072992700729927005,0.040145985401459854,0.010036496350364963,0.676094890510949
0,0,1,0,1,0.0,0.0,1.0,0.0
1,2,11,22,46,0.021739130434782608,0.043478260869565216,0.2391304347826087,0.4782608695652174
13,91,53,1325,2154,0.0060352831940575676,0.04224698235840297,0.02460538532961931,0.6151346332404828
0,4,1,36,51,0.0,0.0784313725490196,0.0196078431372549,0.7058823529411765
0,0,2,0,2,0.0,0.0,1.0,0.0
0,0,4,0,4,0.0,0.0,1.0,0.0
8,17,17,352,578,0.01384083044982699,0.029411764705882353,0.029411764705882353,0.6089965397923875
0,0,3,0,3,0.0,0.0,1.0,0.0
5,41,18,548,905,0.0055248618784530384,0.045303867403314914,0.019889502762430938,0.605524861878453
14,127,53,1932,3005,0.004658901830282862,0.04226289517470882,0.017637271214642262,0.642928452579035
1,10,24,147,230,0.004347826086956522,0.043478260869565216,0.10434782608695652,0.6391304347826087
2,60,42,806,1334,0.0014992503748125937,0.044977511244377814,0.031484257871064465,0.6041979010494752
0,8,24,105,196,0.0,0.04081632653061224,0.12244897959183673,0.5357142857142857
0,0,1,0,1,0.0,0.0,1.0,0.0
7,84,20,1222,1852,0.003779697624190065,0.04535637149028078,0.01079913606911447,0.6598272138228942
0,2,3,68,97,0.0,0.020618556701030927,0.030927835051546393,0.7010309278350515
3,62,9,849,1294,0.00231839258114374,0.04791344667697063,0.006955177743431221,0.6561051004636785
1,3,2,42,57,0.017543859649122806,0.05263157894736842,0.03508771929824561,0.7368421052631579
14,105,33,1458,2342,0.005977796754910333,0.0448334756618275,0.014090520922288642,0.6225448334756618
9,151,66,2244,3644,0.002469813391877058,0.04143798024149287,0.018111964873765093,0.6158068057080132
8,57,49,1054,1610,0.004968944099378882,0.03540372670807453,0.030434782608695653,0.6546583850931676
6,59,30,870,1393,0.004307250538406317,0.04235463029432879,0.021536252692031587,0.624551328068916
4,24,18,289,483,0.008281573498964804,0.049689440993788817,0.037267080745341616,0.598343685300207
4,42,18,646,1068,0.003745318352059925,0.03932584269662921,0.016853932584269662,0.6048689138576779
7,67,30,1131,1688,0.004146919431279621,0.039691943127962086,0.017772511848341232,0.6700236966824644
3,41,5,511,818,0.003667481662591687,0.05012224938875306,0.006112469437652812,0.6246943765281173
0,0,3,0,3,0.0,0.0,1.0,0.0
0,7,9,80,141,0.0,0.04964539007092199,0.06382978723404255,0.5673758865248227
2,14,9,245,390,0.005128205128205128,0.035897435897435895,0.023076923076923078,0.6282051282051282
0,0,4,0,4,0.0,0.0,1.0,0.0
0,0,2,0,2,0.0,0.0,1.0,0.0
0,5,5,104,147,0.0,0.034013605442176874,0.034013605442176874,0.7074829931972789
4,25,17,404,638,0.006269592476489028,0.03918495297805643,0.02664576802507837,0.6332288401253918
9,52,9,537,825,0.01090909090909091,0.06303030303030303,0.01090909090909091,0.6509090909090909
0,0,2,0,2,0.0,0.0,1.0,0.0
3,31,17,627,907,0.0033076074972436605,0.034178610804851156,0.018743109151047408,0.6912899669239251
4,69,18,950,1550,0.0025806451612903226,0.044516129032258066,0.011612903225806452,0.6129032258064516
1,48,25,891,1409,0.0007097232079489,0.034066713981547196,0.017743080198722498,0.6323633782824698
5,5,47,157,264,0.01893939393939394,0.01893939393939394,0.17803030303030304,0.5946969696969697
10,60,44,1471,2229,0.004486316733961417,0.026917900403768506,0.01973979362943024,0.6599371915657245
1,0,0,0,1,1.0,0.0,0.0,0.0
1,6,12,194,307,0.003257328990228013,0.019543973941368076,0.03908794788273615,0.6319218241042345
4,10,0,160,279,0.014336917562724014,0.035842293906810034,0.0,0.5734767025089605
11,115,99,1418,2354,0.004672897196261682,0.04885301614273577,0.04205607476635514,0.6023789294817332
5,59,60,864,1350,0.003703703703703704,0.0437037037037037,0.044444444444444446,0.64
1,5,13,104,143,0.006993006993006993,0.03496503496503497,0.09090909090909091,0.7272727272727273
1,27,3,276,440,0.0022727272727272726,0.06136363636363636,0.006818181818181818,0.6272727272727273
6,62,48,853,1356,0.004424778761061947,0.045722713864306784,0.035398230088495575,0.6290560471976401
1,0,2,0,3,0.3333333333333333,0.0,0.6666666666666666,0.0
8,34,33,520,834,0.009592326139088728,0.0407673860911271,0.039568345323741004,0.6235011990407674
3,44,58,918,1413,0.0021231422505307855,0.03113941967445152,0.04104741684359519,0.6496815286624203
3,51,42,751,1258,0.0023847376788553257,0.04054054054054054,0.033386327503974564,0.5969793322734499
4,113,10,1475,2375,0.0016842105263157896,0.047578947368421054,0.004210526315789474,0.6210526315789474
5,38,1,485,748,0.0066844919786096255,0.05080213903743316,0.001336898395721925,0.6483957219251337
18,191,78,2762,4449,0.004045853000674309,0.04293099572937739,0.01753202966958867,0.6208136659923579
1,0,6,0,7,0.14285714285714285,0.0,0.8571428571428571,0.0
3,19,9,190,319,0.009404388714733543,0.05956112852664577,0.02821316614420063,0.5956112852664577
1,50,10,643,1085,0.0009216589861751152,0.04608294930875576,0.009216589861751152,0.5926267281105991
7,73,18,976,1620,0.004320987654320987,0.04506172839506173,0.011111111111111112,0.6024691358024692
0,0,1,0,1,0.0,0.0,1.0,0.0
6,91,44,1254,2045,0.00293398533007335,0.04449877750611247,0.021515892420537898,0.6132029339853301
1,51,51,680,1129,0.0008857395925597874,0.045172719220549155,0.045172719220549155,0.6023029229406555
15,107,68,1626,2614,0.005738332058148432,0.04093343534812548,0.026013771996939557,0.62203519510329
8,103,21,1376,2238,0.0035746201966041107,0.04602323503127793,0.00938337801608579,0.6148346738159071
0,0,2,0,2,0.0,0.0,1.0,0.0
11,253,124,3170,5235,0.002101241642788921,0.048328557784145174,0.023686723973256926,0.6055396370582617
14,106,49,1641,2489,0.00562474889513861,0.04258738449176376,0.019686621132985135,0.6593009240658899
1,13,49,170,312,0.003205128205128205,0.041666666666666664,0.15705128205128205,0.5448717948717948
2,2,2,35,51,0.0392156862745098,0.0392156862745098,0.0392156862745098,0.6862745098039216
1,21,7,316,560,0.0017857142857142857,0.0375,0.0125,0.5642857142857143
16,105,91,1471,2316,0.0069084628670120895,0.04533678756476684,0.03929188255613126,0.635146804835924
1,14,22,177,308,0.003246753246753247,0.045454545454545456,0.07142857142857142,0.5746753246753247
3,24,24,362,600,0.005,0.04,0.04,0.6033333333333334
5,44,48,641,1133,0.00441306266548985,0.038834951456310676,0.04236540158870256,0.5657546337157988
1,4,7,84,128,0.0078125,0.03125,0.0546875,0.65625
12,32,36,519,880,0.013636363636363636,0.03636363636363636,0.04090909090909091,0.5897727272727272
0,2,18,50,94,0.0,0.02127659574468085,0.19148936170212766,0.5319148936170213
4,82,26,1202,1875,0.0021333333333333334,0.04373333333333333,0.013866666666666666,0.6410666666666667
16,131,97,2117,3373,0.004743551734361103,0.03883782982508153,0.028757782389564186,0.6276311888526535
7,56,22,795,1322,0.00529500756429652,0.04236006051437216,0.01664145234493192,0.6013615733736762
0,0,2,0,2,0.0,0.0,1.0,0.0
5,20,37,264,437,0.011441647597254004,0.04576659038901602,0.08466819221967964,0.6041189931350115
3,38,64,621,1058,0.002835538752362949,0.035916824196597356,0.06049149338374291,0.5869565217391305
0,3,22,79,123,0.0,0.024390243902439025,0.17886178861788618,0.6422764227642277
11,69,52,1037,1631,0.00674432863274065,0.04230533415082771,0.03188228080931944,0.635806253832005
16,160,57,2126,3563,0.004490597810833568,0.04490597810833567,0.015997754701094585,0.5966881841145102
3,19,6,359,535,0.005607476635514018,0.03551401869158879,0.011214953271028037,0.6710280373831776
2,10,20,176,287,0.006968641114982578,0.03484320557491289,0.06968641114982578,0.6132404181184669
8,84,25,1291,1963,0.004075394803871625,0.04279164544065207,0.01273560876209883,0.6576668364747835
3,97,48,1262,2026,0.0014807502467917078,0.047877591312931886,0.023692003948667325,0.6229022704837117
4,59,15,731,1189,0.00336417157275021,0.0496215306980656,0.012615643397813289,0.6148023549201009
6,66,65,1012,1668,0.0035971223021582736,0.039568345323741004,0.03896882494004796,0.6067146282973621
3,10,9,78,166,0.018072289156626505,0.060240963855421686,0.05421686746987952,0.46987951807228917
11,179,69,2708,4362,0.0025217790004585052,0.04103622191655204,0.01581843191196699,0.620816139385603
3,18,17,276,421,0.007125890736342043,0.04275534441805225,0.040380047505938245,0.6555819477434679
5,76,37,1166,1838,0.002720348204570185,0.041349292709466814,0.02013057671381937,0.6343852013057671
16,142,100,1911,3104,0.005154639175257732,0.04574742268041237,0.03221649484536082,0.6156572164948454
4,43,21,728,1144,0.0034965034965034965,0.037587412587412584,0.018356643356643356,0.6363636363636364
6,99,55,1314,2056,0.0029182879377431907,0.04815175097276265,0.026750972762645913,0.6391050583657587
3,3,8,100,162,0.018518518518518517,0.018518518518518517,0.04938271604938271,0.6172839506172839
5,30,19,587,971,0.005149330587023687,0.030895983522142123,0.01956745623069001,0.6045314109165808
9,99,31,1144,1933,0.0046559751681324365,0.0512157268494568,0.01603724780134506,0.5918261769270564
3,54,8,462,836,0.0035885167464114833,0.0645933014354067,0.009569377990430622,0.5526315789473685
4,133,48,1846,2969,0.0013472549680026945,0.044796227686089596,0.016167059616032334,0.6217581677332435
8,77,41,1039,1681,0.004759071980963712,0.04580606781677573,0.024390243902439025,0.6180844735276622
10,98,39,1197,2061,0.0048520135856380394,0.04754973313925279,0.018922852983988356,0.5807860262008734
0,0,5,0,5,0.0,0.0,1.0,0.0
0,0,1,0,1,0.0,0.0,1.0,0.0
0,0,1,0,1,0.0,0.0,1.0,0.0
5,24,24,361,591,0.008460236886632826,0.04060913705583756,0.04060913705583756,0.61082910321489
4,45,50,793,1162,0.0034423407917383822,0.0387263339070568,0.043029259896729774,0.6824440619621343
4,23,40,324,518,0.007722007722007722,0.0444015444015444,0.07722007722007722,0.6254826254826255
3,22,32,292,527,0.0056925996204933585,0.04174573055028463,0.06072106261859583,0.5540796963946869
0,0,8,0,8,0.0,0.0,1.0,0.0
0,16,4,239,341,0.0,0.0469208211143695,0.011730205278592375,0.7008797653958945
5,67,35,918,1400,0.0035714285714285713,0.047857142857142855,0.025,0.6557142857142857
5,48,25,760,1148,0.004355400696864111,0.041811846689895474,0.02177700348432056,0.662020905923345
3,8,46,185,366,0.00819672131147541,0.02185792349726776,0.12568306010928962,0.505464480874317
3,40,32,718,1080,0.002777777777777778,0.037037037037037035,0.02962962962962963,0.6648148148148149
2,27,6,366,628,0.0031847133757961785,0.042993630573248405,0.009554140127388535,0.5828025477707006
0,39,26,689,1052,0.0,0.0370722433460076,0.024714828897338403,0.6549429657794676
4,55,20,725,1156,0.0034602076124567475,0.04757785467128028,0.01730103806228374,0.6271626297577855
2,17,31,260,457,0.00437636761487965,0.037199124726477024,0.06783369803063458,0.5689277899343544
1,22,18,391,658,0.001519756838905775,0.03343465045592705,0.02735562310030395,0.5942249240121581
3,42,12,642,1057,0.002838221381267739,0.039735099337748346,0.011352885525070956,0.6073793755912961
1,20,18,274,438,0.00228310502283105,0.045662100456621,0.0410958904109589,0.6255707762557078
4,50,16,660,1094,0.003656307129798903,0.04570383912248629,0.014625228519195612,0.603290676416819
0,0,8,0,8,0.0,0.0,1.0,0.0
4,70,33,904,1589,0.0025173064820641915,0.04405286343612335,0.02076777847702958,0.5689112649465072
6,61,48,899,1397,0.004294917680744453,0.043664996420901936,0.03435934144595562,0.6435218324982105
4,30,15,284,508,0.007874015748031496,0.05905511811023622,0.02952755905511811,0.5590551181102362
5,21,56,362,584,0.008561643835616438,0.03595890410958904,0.0958904109589041,0.6198630136986302
8,26,9,345,555,0.014414414414414415,0.04684684684684685,0.016216216216216217,0.6216216216216216
11,53,20,662,1092,0.010073260073260074,0.048534798534798536,0.018315018315018316,0.6062271062271062
6,46,28,1093,1606,0.0037359900373599006,0.028642590286425903,0.017434620174346202,0.6805728518057285
6,39,92,517,917,0.006543075245365322,0.04252998909487459,0.10032715376226826,0.5637949836423118
6,46,37,609,960,0.00625,0.04791666666666667,0.03854166666666667,0.634375
1,46,42,614,1031,0.0009699321047526673,0.0446168768186227,0.040737148399612025,0.5955383123181377
0,0,5,0,5,0.0,0.0,1.0,0.0
0,4,24,38,81,0.0,0.04938271604938271,0.2962962962962963,0.4691358024691358
6,92,31,1391,2214,0.0027100271002710027,0.04155374887082204,0.014001806684733513,0.6282746160794941
0,0,4,0,4,0.0,0.0,1.0,0.0
9,11,53,138,266,0.03383458646616541,0.041353383458646614,0.19924812030075187,0.518796992481203
5,29,3,414,656,0.007621951219512195,0.04420731707317073,0.004573170731707317,0.6310975609756098
6,81,47,1052,1726,0.0034762456546929316,0.04692931633835458,0.027230590961761298,0.6095017381228274
2,42,5,463,761,0.002628120893561104,0.05519053876478318,0.006570302233902759,0.6084099868593955
11,73,27,1057,1687,0.006520450503852994,0.043272080616478956,0.016004742145820983,0.6265560165975104
1,7,2,40,75,0.013333333333333334,0.09333333333333334,0.02666666666666667,0.5333333333333333
4,79,33,999,1607,0.002489110143123833,0.049159925326695705,0.020535158680771624,0.6216552582451773
2,43,38,598,970,0.002061855670103093,0.0443298969072165,0.03917525773195876,0.6164948453608248
0,8,17,179,283,0.0,0.028268551236749116,0.06007067137809187,0.6325088339222615
4,21,16,466,791,0.0050568900126422255,0.02654867256637168,0.020227560050568902,0.5891276864728192
3,58,20,891,1393,0.0021536252692031586,0.0416367552045944,0.014357501794687724,0.6396267049533381
6,16,29,271,406,0.014778325123152709,0.03940886699507389,0.07142857142857142,0.6674876847290641
5,123,42,1625,2501,0.001999200319872051,0.04918032786885246,0.01679328268692523,0.6497401039584166
0,5,21,47,108,0.0,0.046296296296296294,0.19444444444444445,0.4351851851851852
0,0,30,0,30,0.0,0.0,1.0,0.0
1,18,14,266,377,0.002652519893899204,0.04774535809018567,0.03713527851458886,0.7055702917771883
10,84,76,1582,2525,0.0039603960396039604,0.03326732673267327,0.030099009900990098,0.6265346534653465
7,127,31,1775,2913,0.002403020940611054,0.04359766563680055,0.010641949879848954,0.6093374527978029
8,57,78,1012,1594,0.005018820577164366,0.035759096612296114,0.04893350062735257,0.6348808030112923
4,26,22,616,923,0.004333694474539545,0.028169014084507043,0.023835319609967497,0.66738894907909
5,28,35,313,538,0.00929368029739777,0.05204460966542751,0.06505576208178439,0.5817843866171004
0,0,1,0,1,0.0,0.0,1.0,0.0
9,105,25,1258,2038,0.004416094210009814,0.051521099116781155,0.01226692836113837,0.6172718351324828
4,37,17,646,995,0.004020100502512563,0.0371859296482412,0.017085427135678392,0.6492462311557788
6,64,59,935,1551,0.0038684719535783366,0.041263700838168924,0.038039974210186976,0.6028368794326241
1,0,0,0,1,1.0,0.0,0.0,0.0
2,21,9,385,641,0.0031201248049922,0.0327613104524181,0.014040561622464899,0.6006240249609984
2,26,5,472,720,0.002777777777777778,0.03611111111111111,0.006944444444444444,0.6555555555555556
2,4,2,70,101,0.019801980198019802,0.039603960396039604,0.019801980198019802,0.693069306930693
9,68,59,1427,2128,0.0042293233082706765,0.03195488721804511,0.027725563909774435,0.6705827067669173
5,35,18,489,839,0.0059594755661501785,0.041716328963051254,0.021454112038140644,0.5828367103694875
3,47,7,741,1184,0.002533783783783784,0.03969594594594594,0.0059121621621621625,0.6258445945945946
10,143,44,1930,3098,0.0032278889606197547,0.046158812136862494,0.014202711426726921,0.6229825693996126
0,0,2,0,2,0.0,0.0,1.0,0.0
5,24,41,433,679,0.007363770250368188,0.035346097201767304,0.060382916053019146,0.6377025036818851
4,83,26,1315,2085,0.0019184652278177458,0.03980815347721822,0.012470023980815348,0.6306954436450839
6,11,31,282,430,0.013953488372093023,0.02558139534883721,0.07209302325581396,0.6558139534883721
3,83,13,1087,1743,0.0017211703958691911,0.047619047619047616,0.007458405048766495,0.6236374067699368
0,0,1,0,1,0.0,0.0,1.0,0.0
5,35,13,736,1129,0.0044286979627989375,0.03100088573959256,0.011514614703277236,0.6519043401240036
4,29,18,582,859,0.004656577415599534,0.033760186263096625,0.020954598370197905,0.6775320139697323
6,54,55,895,1398,0.004291845493562232,0.03862660944206009,0.03934191702432046,0.6402002861230329
0,4,22,70,135,0.0,0.02962962962962963,0.16296296296296298,0.5185185185185185
1,13,4,153,231,0.004329004329004329,0.05627705627705628,0.017316017316017316,0.6623376623376623
7,82,37,1368,2224,0.003147482014388489,0.0368705035971223,0.016636690647482015,0.6151079136690647
10,10,39,236,383,0.02610966057441253,0.02610966057441253,0.10182767624020887,0.6161879895561357
4,45,11,619,1033,0.003872216844143272,0.04356243949661181,0.010648596321393998,0.5992255566311714
1,61,45,832,1357,0.0007369196757553427,0.0449521002210759,0.03316138540899042,0.6131171702284451
8,99,72,1665,2641,0.003029155622870125,0.03748580083301779,0.027262400605831124,0.6304430140098447
5,38,24,492,803,0.0062266500622665,0.047322540473225407,0.029887920298879204,0.6127023661270237
14,93,52,1209,1992,0.007028112449799197,0.046686746987951805,0.02610441767068273,0.6069277108433735
9,149,41,2303,3686,0.0024416711882799783,0.04042322300596853,0.01112316874660879,0.6247965274009767
4,67,71,753,1250,0.0032,0.0536,0.0568,0.6024
4,20,19,258,411,0.009732360097323601,0.04866180048661801,0.046228710462287104,0.6277372262773723
1,9,1,132,182,0.005494505494505495,0.04945054945054945,0.005494505494505495,0.7252747252747253
12,94,53,1493,2313,0.005188067444876783,0.040639861651534805,0.02291396454820579,0.6454820579334198
1,44,28,616,983,0.001017293997965412,0.044760935910478125,0.028484231943031537,0.6266531027466938
1,0,0,0,1,1.0,0.0,0.0,0.0
19,96,43,1600,2457,0.007733007733007733,0.03907203907203907,0.017501017501017502,0.6512006512006512
4,13,2,256,351,0.011396011396011397,0.037037037037037035,0.005698005698005698,0.7293447293447294
1,2,5,58,84,0.011904761904761904,0.023809523809523808,0.05952380952380952,0.6904761904761905
8,59,27,794,1248,0.00641025641025641,0.047275641025641024,0.021634615384615384,0.6362179487179487
12,92,30,1494,2440,0.004918032786885246,0.03770491803278689,0.012295081967213115,0.6122950819672132
0,7,17,108,183,0.0,0.03825136612021858,0.09289617486338798,0.5901639344262295
1,27,69,337,560,0.0017857142857142857,0.048214285714285716,0.12321428571428572,0.6017857142857143
0,0,1,0,1,0.0,0.0,1.0,0.0
3,34,7,308,486,0.006172839506172839,0.06995884773662552,0.01440329218106996,0.6337448559670782
12,100,86,1705,2661,0.004509582863585118,0.03757985719654265,0.03231867718902668,0.6407365652010523
8,84,37,1235,1982,0.004036326942482341,0.04238143289606458,0.01866801210898083,0.6231079717457114
0,0,2,0,2,0.0,0.0,1.0,0.0
3,102,22,1436,2185,0.0013729977116704805,0.04668192219679634,0.010068649885583524,0.65720823798627
7,78,29,1087,1677,0.0041741204531902205,0.046511627906976744,0.0172927847346452,0.6481812760882528
13,155,43,2600,3984,0.003263052208835341,0.03890562248995984,0.010793172690763053,0.6526104417670683
3,55,10,764,1268,0.002365930599369085,0.04337539432176656,0.007886435331230283,0.6025236593059937
5,24,29,581,893,0.005599104143337066,0.026875699888017916,0.032474804031354984,0.6506159014557671
4,22,39,462,736,0.005434782608695652,0.029891304347826088,0.05298913043478261,0.6277173913043478
4,32,16,452,715,0.005594405594405594,0.044755244755244755,0.022377622377622378,0.6321678321678321
9,65,32,971,1602,0.0056179775280898875,0.04057428214731586,0.019975031210986267,0.6061173533083646
14,96,79,1803,2843,0.004924375659514597,0.03376714737952867,0.027787548364403798,0.6341892367217727
10,79,32,1157,1848,0.005411255411255411,0.04274891774891775,0.017316017316017316,0.6260822510822511
8,40,60,768,1258,0.006359300476947536,0.03179650238473768,0.04769475357710652,0.6104928457869634
2,4,2,100,146,0.0136986301369863,0.0273972602739726,0.0136986301369863,0.684931506849315
0,0,3,0,3,0.0,0.0,1.0,0.0
12,48,75,821,1352,0.008875739644970414,0.03550295857988166,0.05547337278106509,0.6072485207100592
2,10,28,200,312,0.00641025641025641,0.03205128205128205,0.08974358974358974,0.6410256410256411
1,0,7,0,8,0.125,0.0,0.875,0.0
1,22,12,384,601,0.0016638935108153079,0.036605657237936774,0.019966722129783693,0.6389351081530782
5,50,55,719,1159,0.004314063848144953,0.04314063848144953,0.04745470232959448,0.6203623813632442
8,65,70,958,1593,0.005021971123666039,0.04080351537978657,0.04394224733207784,0.6013810420590081
1,0,0,0,1,1.0,0.0,0.0,0.0
1,41,34,633,941,0.0010626992561105207,0.04357066950053135,0.036131774707757705,0.6726886291179596
8,54,61,711,1207,0.006628003314001657,0.04473902236951118,0.050538525269262634,0.5890637945318973
5,13,29,212,338,0.014792899408284023,0.038461538461538464,0.08579881656804733,0.6272189349112426
1,0,0,0,1,1.0,0.0,0.0,0.0
2,23,25,461,685,0.00291970802919708,0.033576642335766425,0.0364963503649635,0.672992700729927
1,12,10,249,405,0.0024691358024691358,0.02962962962962963,0.024691358024691357,0.6148148148148148
7,60,20,1089,1635,0.004281345565749235,0.03669724770642202,0.012232415902140673,0.6660550458715596
5,45,35,678,1091,0.00458295142071494,0.04124656278643447,0.032080659945004586,0.6214482126489459
1,19,23,237,423,0.002364066193853428,0.04491725768321513,0.054373522458628844,0.5602836879432624
3,21,68,280,509,0.005893909626719057,0.0412573673870334,0.13359528487229863,0.550098231827112
5,49,30,665,1095,0.0045662100456621,0.04474885844748858,0.0273972602739726,0.6073059360730594
6,49,20,520,892,0.006726457399103139,0.05493273542600897,0.02242152466367713,0.5829596412556054
2,38,39,533,895,0.0022346368715083797,0.042458100558659215,0.04357541899441341,0.5955307262569832
9,57,13,540,946,0.009513742071881607,0.06025369978858351,0.013742071881606765,0.5708245243128964
8,47,40,756,1209,0.006617038875103391,0.03887510339123242,0.033085194375516956,0.6253101736972705
9,42,78,569,947,0.009503695881731784,0.044350580781414996,0.08236536430834214,0.600844772967265
5,70,8,970,1524,0.0032808398950131233,0.045931758530183726,0.005249343832020997,0.636482939632546
5,61,29,791,1259,0.003971405877680699,0.048451151707704525,0.023034154090548053,0.6282764098490866
1,23,15,374,549,0.0018214936247723133,0.04189435336976321,0.0273224043715847,0.6812386156648452
1,0,25,0,26,0.038461538461538464,0.0,0.9615384615384616,0.0
1,11,18,193,308,0.003246753246753247,0.03571428571428571,0.05844155844155844,0.6266233766233766
3,18,31,329,499,0.006012024048096192,0.036072144288577156,0.06212424849699399,0.6593186372745491
2,11,22,267,432,0.004629629629629629,0.02546296296296296,0.05092592592592592,0.6180555555555556
2,26,29,594,902,0.0022172949002217295,0.028824833702882482,0.03215077605321508,0.6585365853658537
5,73,49,1098,1757,0.0028457598178713715,0.04154809334092203,0.027888446215139442,0.6249288560045532
5,48,40,602,1025,0.004878048780487805,0.04682926829268293,0.03902439024390244,0.5873170731707317
2,29,32,466,748,0.00267379679144385,0.03877005347593583,0.0427807486631016,0.6229946524064172
5,63,65,1008,1619,0.0030883261272390363,0.03891290920321186,0.04014823965410747,0.6226065472513898
2,10,8,125,214,0.009345794392523364,0.04672897196261682,0.037383177570093455,0.5841121495327103
4,14,29,258,464,0.008620689655172414,0.03017241379310345,0.0625,0.5560344827586207
4,11,32,212,347,0.011527377521613832,0.03170028818443804,0.09221902017291066,0.6109510086455331
0,18,28,294,448,0.0,0.04017857142857143,0.0625,0.65625
3,45,19,612,976,0.0030737704918032786,0.04610655737704918,0.0194672131147541,0.6270491803278688
2,22,26,309,527,0.003795066413662239,0.04174573055028463,0.04933586337760911,0.5863377609108159
4,46,47,481,854,0.00468384074941452,0.053864168618266976,0.05503512880562061,0.563231850117096
4,43,10,686,1069,0.0037418147801683817,0.040224508886810104,0.009354536950420954,0.6417212347988774
7,89,29,1354,2126,0.003292568203198495,0.04186265286923801,0.013640639698965193,0.6368767638758231
8,63,59,1012,1715,0.004664723032069971,0.036734693877551024,0.03440233236151603,0.5900874635568513
3,3,21,73,138,0.021739130434782608,0.021739130434782608,0.15217391304347827,0.5289855072463768
0,11,13,163,275,0.0,0.04,0.04727272727272727,0.5927272727272728
5,76,21,1043,1615,0.0030959752321981426,0.047058823529411764,0.013003095975232198,0.6458204334365325
3,41,11,658,974,0.003080082135523614,0.04209445585215606,0.011293634496919919,0.675564681724846
0,2,6,48,81,0.0,0.024691358024691357,0.07407407407407407,0.5925925925925926
3,27,25,486,793,0.0037831021437578815,0.034047919293820936,0.031525851197982346,0.6128625472887768
9,82,40,1034,1681,0.005353955978584176,0.04878048780487805,0.02379535990481856,0.6151100535395598
1,38,22,616,920,0.0010869565217391304,0.041304347826086954,0.02391304347826087,0.6695652173913044
1,1,24,92,126,0.007936507936507936,0.007936507936507936,0.19047619047619047,0.7301587301587301
9,67,34,1207,1861,0.004836109618484685,0.03600214938205266,0.018269747447608814,0.6485760343901128
5,45,15,899,1346,0.003714710252600297,0.033432392273402674,0.011144130757800892,0.6679049034175334
3,9,7,164,252,0.011904761904761904,0.03571428571428571,0.027777777777777776,0.6507936507936508
10,149,141,2373,3753,0.002664535038635758,0.03970157207567279,0.037569944044764186,0.6322941646682654
4,8,15,148,228,0.017543859649122806,0.03508771929824561,0.06578947368421052,0.6491228070175439
13,91,78,1309,2092,0.00621414913957935,0.04349904397705545,0.0372848948374761,0.625717017208413
4,43,13,661,1070,0.003738317757009346,0.04018691588785047,0.012149532710280374,0.6177570093457944
0,0,5,0,5,0.0,0.0,1.0,0.0
2,17,30,395,641,0.0031201248049922,0.0265210608424337,0.046801872074883,0.6162246489859594
3,8,6,250,420,0.007142857142857143,0.01904761904761905,0.014285714285714285,0.5952380952380952
1,0,0,0,1,1.0,0.0,0.0,0.0
6,41,16,744,1106,0.0054249547920434,0.037070524412296565,0.014466546112115732,0.6726943942133815
0,31,11,505,758,0.0,0.040897097625329816,0.014511873350923483,0.6662269129287599
3,33,42,624,954,0.0031446540880503146,0.03459119496855346,0.0440251572327044,0.6540880503144654
1,0,0,0,1,1.0,0.0,0.0,0.0
4,37,69,502,872,0.0045871559633027525,0.04243119266055046,0.07912844036697247,0.5756880733944955
2,0,6,0,8,0.25,0.0,0.75,0.0
2,15,2,244,385,0.005194805194805195,0.03896103896103896,0.005194805194805195,0.6337662337662338
5,56,15,1061,1631,0.0030656039239730227,0.034334763948497854,0.009196811771919068,0.6505211526670754
4,113,44,1654,2683,0.0014908684308609765,0.04211703317182259,0.016399552739470743,0.6164740961610138
1,17,8,324,483,0.002070393374741201,0.035196687370600416,0.016563146997929608,0.6708074534161491
1,20,20,326,567,0.001763668430335097,0.03527336860670194,0.03527336860670194,0.5749559082892416
3,57,23,851,1372,0.002186588921282799,0.04154518950437318,0.016763848396501458,0.6202623906705539
0,0,8,0,8,0.0,0.0,1.0,0.0
4,23,21,202,371,0.01078167115902965,0.06199460916442048,0.05660377358490566,0.5444743935309974
0,0,3,0,3,0.0,0.0,1.0,0.0
3,15,10,226,401,0.007481296758104738,0.03740648379052369,0.02493765586034913,0.5635910224438903
3,9,38,123,230,0.013043478260869565,0.0391304347826087,0.16521739130434782,0.5347826086956522
5,25,10,268,422,0.011848341232227487,0.05924170616113744,0.023696682464454975,0.6350710900473934
13,129,56,1814,2999,0.004334778259419807,0.043014338112704234,0.018672890963654553,0.60486828942981
1,21,30,266,460,0.002173913043478261,0.04565217391304348,0.06521739130434782,0.5782608695652174
0,2,5,123,178,0.0,0.011235955056179775,0.028089887640449437,0.6910112359550562
2,1,4,13,22,0.09090909090909091,0.045454545454545456,0.18181818181818182,0.5909090909090909
2,6,16,131,220,0.00909090909090909,0.02727272727272727,0.07272727272727272,0.5954545454545455
3,28,19,488,767,0.003911342894393742,0.03650586701434159,0.024771838331160364,0.636245110821382
4,32,19,558,878,0.004555808656036446,0.03644646924829157,0.02164009111617312,0.6355353075170843
6,73,34,1082,1690,0.0035502958579881655,0.04319526627218935,0.020118343195266272,0.6402366863905326
5,23,17,371,593,0.008431703204047217,0.0387858347386172,0.02866779089376054,0.6256323777403036
0,2,5,37,65,0.0,0.03076923076923077,0.07692307692307693,0.5692307692307692
5,53,38,653,1053,0.004748338081671415,0.050332383665717,0.03608736942070275,0.6201329534662868
7,69,48,1251,1928,0.0036307053941908715,0.03578838174273859,0.024896265560165973,0.6488589211618258
1,14,3,154,256,0.00390625,0.0546875,0.01171875,0.6015625
2,6,39,159,260,0.007692307692307693,0.023076923076923078,0.15,0.6115384615384616
3,33,11,458,724,0.004143646408839779,0.04558011049723757,0.015193370165745856,0.6325966850828729
1,25,9,358,542,0.0018450184501845018,0.046125461254612546,0.016605166051660517,0.6605166051660517
9,83,72,1272,1953,0.004608294930875576,0.04249871991807476,0.03686635944700461,0.6513056835637481
0,13,18,238,346,0.0,0.03757225433526012,0.05202312138728324,0.6878612716763006
6,87,65,1079,1811,0.0033130866924351186,0.048039757040309224,0.03589177250138045,0.5958034235229155
2,20,33,347,531,0.003766478342749529,0.03766478342749529,0.062146892655367235,0.6534839924670434
0,0,1,0,1,0.0,0.0,1.0,0.0
1,13,24,215,324,0.0030864197530864196,0.040123456790123455,0.07407407407407407,0.6635802469135802
5,10,8,172,246,0.02032520325203252,0.04065040650406504,0.032520325203252036,0.6991869918699187
1,22,10,378,582,0.001718213058419244,0.037800687285223365,0.01718213058419244,0.6494845360824743
1,0,0,0,1,1.0,0.0,0.0,0.0
10,19,5,267,426,0.023474178403755867,0.04460093896713615,0.011737089201877934,0.6267605633802817
5,43,67,664,1107,0.004516711833785004,0.03884372177055104,0.06052393857271906,0.5998193315266486
4,31,57,662,1065,0.003755868544600939,0.02910798122065728,0.05352112676056338,0.6215962441314554
3,40,17,685,1062,0.002824858757062147,0.03766478342749529,0.0160075329566855,0.6450094161958568
2,69,8,953,1434,0.001394700139470014,0.04811715481171548,0.005578800557880056,0.6645746164574616
0,1,4,119,176,0.0,0.005681818181818182,0.022727272727272728,0.6761363636363636
16,140,85,2010,3145,0.005087440381558029,0.04451510333863275,0.02702702702702703,0.6391096979332274
0,3,3,51,90,0.0,0.03333333333333333,0.03333333333333333,0.5666666666666667
1,0,2,70,94,0.010638297872340425,0.0,0.02127659574468085,0.7446808510638298
9,32,20,605,940,0.009574468085106383,0.03404255319148936,0.02127659574468085,0.6436170212765957
11,57,50,1024,1549,0.0071013557133634605,0.036797934151065206,0.03227888960619755,0.6610716591349257
0,0,8,0,8,0.0,0.0,1.0,0.0
3,43,13,570,927,0.003236245954692557,0.04638619201725998,0.014023732470334413,0.6148867313915858
1,6,16,190,291,0.003436426116838488,0.020618556701030927,0.054982817869415807,0.6529209621993127
0,2,9,12,33,0.0,0.06060606060606061,0.2727272727272727,0.36363636363636365
5,96,38,1138,1846,0.0027085590465872156,0.05200433369447454,0.020585048754062838,0.6164680390032503
3,47,30,763,1199,0.0025020850708924102,0.03919933277731443,0.025020850708924104,0.6363636363636364
4,68,13,1072,1696,0.0023584905660377358,0.04009433962264151,0.0076650943396226415,0.6320754716981132
5,41,17,401,687,0.00727802037845706,0.05967976710334789,0.024745269286754003,0.5836972343522562
4,79,46,1180,1907,0.002097535395909806,0.041426324069218666,0.024121657052962767,0.6187729417933928
1,4,0,58,86,0.011627906976744186,0.046511627906976744,0.0,0.6744186046511628
4,48,62,620,1012,0.003952569169960474,0.04743083003952569,0.06126482213438735,0.6126482213438735
2,51,28,634,1078,0.0018552875695732839,0.04730983302411874,0.025974025974025976,0.588126159554731
4,14,8,299,481,0.008316008316008316,0.029106029106029108,0.016632016632016633,0.6216216216216216
0,0,10,3,13,0.0,0.0,0.7692307692307693,0.23076923076923078
3,18,29,309,528,0.005681818181818182,0.03409090909090909,0.054924242424242424,0.5852272727272727
14,110,37,1709,2607,0.005370157268891446,0.04219409282700422,0.014192558496355964,0.6555427694668201
0,6,2,72,154,0.0,0.03896103896103896,0.012987012987012988,0.4675324675324675
6,42,32,459,771,0.007782101167315175,0.054474708171206226,0.041504539559014265,0.5953307392996109
3,32,36,639,1040,0.0028846153846153848,0.03076923076923077,0.03461538461538462,0.614423076923077
1,31,10,358,619,0.0016155088852988692,0.050080775444264945,0.01615508885298869,0.5783521809369951
4,46,13,659,1097,0.0036463081130355514,0.041932543299908843,0.011850501367365542,0.6007292616226071
2,35,35,551,891,0.002244668911335578,0.03928170594837262,0.03928170594837262,0.6184062850729517
8,69,63,985,1575,0.005079365079365079,0.04380952380952381,0.04,0.6253968253968254
0,32,4,405,646,0.0,0.04953560371517028,0.006191950464396285,0.6269349845201239
12,101,20,1569,2540,0.004724409448818898,0.03976377952755906,0.007874015748031496,0.6177165354330708
3,37,28,579,935,0.0032085561497326204,0.039572192513368985,0.029946524064171122,0.6192513368983957
0,0,2,0,2,0.0,0.0,1.0,0.0
0,0,3,0,3,0.0,0.0,1.0,0.0
2,0,11,1,14,0.14285714285714285,0.0,0.7857142857142857,0.07142857142857142
8,86,31,1391,2176,0.003676470588235294,0.03952205882352941,0.014246323529411764,0.6392463235294118
11,71,22,1092,1710,0.006432748538011696,0.04152046783625731,0.012865497076023392,0.6385964912280702
15,42,70,737,1201,0.012489592006661115,0.034970857618651124,0.058284762697751874,0.6136552872606161
0,4,10,74,143,0.0,0.027972027972027972,0.06993006993006994,0.5174825174825175
1,13,18,221,444,0.0022522522522522522,0.02927927927927928,0.04054054054054054,0.49774774774774777
7,92,81,1359,2242,0.0031222123104371097,0.04103479036574487,0.03612845673505798,0.6061552185548618
2,20,1,202,340,0.0058823529411764705,0.058823529411764705,0.0029411764705882353,0.5941176470588235
4,26,24,591,903,0.004429678848283499,0.028792912513842746,0.026578073089700997,0.654485049833887
0,0,14,0,14,0.0,0.0,1.0,0.0
0,0,1,0,1,0.0,0.0,1.0,0.0
6,27,24,477,741,0.008097165991902834,0.03643724696356275,0.032388663967611336,0.6437246963562753
3,67,25,1160,1755,0.0017094017094017094,0.038176638176638175,0.014245014245014245,0.6609686609686609
1,10,9,202,312,0.003205128205128205,0.03205128205128205,0.028846153846153848,0.6474358974358975
5,53,40,892,1402,0.003566333808844508,0.037803138373751786,0.028530670470756064,0.6362339514978602
0,0,2,0,2,0.0,0.0,1.0,0.0
1,7,9,174,259,0.003861003861003861,0.02702702702702703,0.03474903474903475,0.6718146718146718
0,0,2,0,2,0.0,0.0,1.0,0.0
2,65,16,842,1369,0.0014609203798392988,0.04747991234477721,0.01168736303871439,0.6150474799123448
1,10,2,104,171,0.005847953216374269,0.05847953216374269,0.011695906432748537,0.6081871345029239
4,48,12,621,994,0.004024144869215292,0.0482897384305835,0.012072434607645875,0.6247484909456741
4,55,24,793,1333,0.003000750187546887,0.04126031507876969,0.01800450112528132,0.5948987246811703
0,0,9,0,9,0.0,0.0,1.0,0.0
0,0,2,0,2,0.0,0.0,1.0,0.0
7,33,42,651,1004,0.0069721115537848604,0.03286852589641434,0.04183266932270916,0.648406374501992
5,44,12,484,763,0.00655307994757536,0.057667103538663174,0.015727391874180863,0.6343381389252949
2,25,26,466,693,0.002886002886002886,0.03607503607503607,0.03751803751803752,0.6724386724386724
4,14,49,187,321,0.012461059190031152,0.04361370716510903,0.1526479750778816,0.5825545171339563
2,7,23,122,235,0.00851063829787234,0.029787234042553193,0.09787234042553192,0.5191489361702127
2,18,33,313,494,0.004048582995951417,0.03643724696356275,0.06680161943319839,0.6336032388663968
2,18,11,301,508,0.003937007874015748,0.03543307086614173,0.021653543307086614,0.59251968503937
1,0,32,0,33,0.030303030303030304,0.0,0.9696969696969697,0.0
1,0,0,0,1,1.0,0.0,0.0,0.0
0,20,4,244,365,0.0,0.0547945205479452,0.010958904109589041,0.6684931506849315
0,4,3,159,203,0.0,0.019704433497536946,0.014778325123152709,0.7832512315270936
