x = 550.00, y = 4.941269e-03
x = 559.91, y = 4.941269e-03
x = 569.82, y = 4.941269e-03
x = 579.73, y = 4.941269e-03
x = 589.64, y = 4.941269e-03
x = 599.55, y = 4.941269e-03
x = 609.46, y = 4.941269e-03
x = 619.37, y = 4.941269e-03
x = 629.28, y = 4.941269e-03
x = 639.19, y = 4.941269e-03
x = 649.10, y = 4.941269e-03
x = 659.01, y = 4.941269e-03
x = 668.92, y = 4.941269e-03
x = 678.83, y = 4.941269e-03
x = 688.74, y = 4.941269e-03
x = 698.65, y = 4.941269e-03
x = 708.56, y = 4.941269e-03
x = 718.47, y = 4.941269e-03
x = 728.38, y = 4.941269e-03
x = 738.29, y = 4.941269e-03
x = 748.20, y = 4.941269e-03
x = 758.11, y = 4.941269e-03
x = 768.02, y = 4.941269e-03
x = 777.93, y = 4.941269e-03
x = 787.84, y = 4.941269e-03
x = 797.75, y = 4.941269e-03
x = 807.66, y = 4.941269e-03
x = 817.57, y = 4.941269e-03
x = 827.48, y = 4.941269e-03
x = 837.39, y = 4.941269e-03
x = 847.30, y = 4.941269e-03
x = 857.21, y = 4.941269e-03
x = 867.12, y = 4.941269e-03
x = 877.03, y = 4.941269e-03
x = 886.94, y = 4.941269e-03
x = 896.85, y = 4.941269e-03
x = 906.76, y = 4.941269e-03
x = 916.67, y = 4.941269e-03
x = 926.58, y = 4.941269e-03
x = 936.49, y = 4.941269e-03
x = 946.40, y = 4.941269e-03
x = 956.31, y = 4.941269e-03
x = 966.22, y = 4.941269e-03
x = 976.13, y = 4.941269e-03
x = 986.04, y = 4.941269e-03
x = 995.95, y = 4.941269e-03
x = 1005.86, y = 4.938041e-03
x = 1015.77, y = 4.932622e-03
x = 1025.68, y = 4.927260e-03
x = 1035.59, y = 4.921953e-03
x = 1045.50, y = 4.916702e-03
x = 1055.41, y = 4.911508e-03
x = 1065.32, y = 4.906369e-03
x = 1075.23, y = 4.901286e-03
x = 1085.14, y = 4.896258e-03
x = 1095.05, y = 4.891287e-03
x = 1104.95, y = 4.886372e-03
x = 1114.86, y = 4.881513e-03
x = 1124.77, y = 4.876709e-03
x = 1134.68, y = 4.871962e-03
x = 1144.59, y = 4.867270e-03
x = 1154.50, y = 4.862634e-03
x = 1164.41, y = 4.858055e-03
x = 1174.32, y = 4.853531e-03
x = 1184.23, y = 4.849063e-03
x = 1194.14, y = 4.844651e-03
x = 1204.05, y = 4.840294e-03
x = 1213.96, y = 4.835994e-03
x = 1223.87, y = 4.831750e-03
x = 1233.78, y = 4.827562e-03
x = 1243.69, y = 4.823429e-03
x = 1253.60, y = 4.819352e-03
x = 1263.51, y = 4.815332e-03
x = 1273.42, y = 4.811367e-03
x = 1283.33, y = 4.807458e-03
x = 1293.24, y = 4.803605e-03
x = 1303.15, y = 4.799808e-03
x = 1313.06, y = 4.796067e-03
x = 1322.97, y = 4.792382e-03
x = 1332.88, y = 4.788753e-03
x = 1342.79, y = 4.785179e-03
x = 1352.70, y = 4.781662e-03
x = 1362.61, y = 4.778200e-03
x = 1372.52, y = 4.774795e-03
x = 1382.43, y = 4.771445e-03
x = 1392.34, y = 4.768151e-03
x = 1402.25, y = 4.764913e-03
x = 1412.16, y = 4.761731e-03
x = 1422.07, y = 4.758605e-03
x = 1431.98, y = 4.755535e-03
x = 1441.89, y = 4.752521e-03
x = 1451.80, y = 4.749563e-03
x = 1461.71, y = 4.746660e-03
x = 1471.62, y = 4.743814e-03
x = 1481.53, y = 4.741023e-03
x = 1491.44, y = 4.738289e-03
x = 1501.35, y = 4.735610e-03
x = 1511.26, y = 4.732987e-03
x = 1521.17, y = 4.730420e-03
x = 1531.08, y = 4.727909e-03
x = 1540.99, y = 4.725454e-03
x = 1550.90, y = 4.723055e-03
x = 1560.81, y = 4.720711e-03
x = 1570.72, y = 4.718424e-03
x = 1580.63, y = 4.716193e-03
x = 1590.54, y = 4.714017e-03
x = 1600.45, y = 4.711897e-03
x = 1610.36, y = 4.709834e-03
x = 1620.27, y = 4.707826e-03
x = 1630.18, y = 4.705874e-03
x = 1640.09, y = 4.703978e-03
x = 1650.00, y = 4.702138e-03
x = 1659.91, y = 4.700354e-03
x = 1669.82, y = 4.698626e-03
x = 1679.73, y = 4.696953e-03
x = 1689.64, y = 4.695337e-03
x = 1699.55, y = 4.693776e-03
x = 1709.46, y = 4.692272e-03
x = 1719.37, y = 4.690823e-03
x = 1729.28, y = 4.689430e-03
x = 1739.19, y = 4.688094e-03
x = 1749.10, y = 4.686813e-03
x = 1759.01, y = 4.685588e-03
x = 1768.92, y = 4.684419e-03
x = 1778.83, y = 4.683305e-03
x = 1788.74, y = 4.682248e-03
x = 1798.65, y = 4.681247e-03
x = 1808.56, y = 4.680301e-03
x = 1818.47, y = 4.679412e-03
x = 1828.38, y = 4.678578e-03
x = 1838.29, y = 4.677800e-03
x = 1848.20, y = 4.677079e-03
x = 1858.11, y = 4.676413e-03
x = 1868.02, y = 4.675803e-03
x = 1877.93, y = 4.675249e-03
x = 1887.84, y = 4.674750e-03
x = 1897.75, y = 4.674308e-03
x = 1907.66, y = 4.673922e-03
x = 1917.57, y = 4.673592e-03
x = 1927.48, y = 4.673317e-03
x = 1937.39, y = 4.673098e-03
x = 1947.30, y = 4.672936e-03
x = 1957.21, y = 4.672829e-03
x = 1967.12, y = 4.672778e-03
x = 1977.03, y = 4.672783e-03
x = 1986.94, y = 4.672844e-03
x = 1996.85, y = 4.672961e-03
x = 2006.76, y = 4.674448e-03
x = 2016.67, y = 4.676572e-03
x = 2026.58, y = 4.678714e-03
x = 2036.49, y = 4.680873e-03
x = 2046.40, y = 4.683049e-03
x = 2056.31, y = 4.685243e-03
x = 2066.22, y = 4.687454e-03
x = 2076.13, y = 4.689683e-03
x = 2086.04, y = 4.691929e-03
x = 2095.95, y = 4.694193e-03
x = 2105.86, y = 4.696474e-03
x = 2115.77, y = 4.698773e-03
x = 2125.68, y = 4.701089e-03
x = 2135.59, y = 4.703422e-03
x = 2145.50, y = 4.705773e-03
x = 2155.41, y = 4.708141e-03
x = 2165.32, y = 4.710527e-03
x = 2175.23, y = 4.712930e-03
x = 2185.14, y = 4.715351e-03
x = 2195.05, y = 4.717789e-03
x = 2204.95, y = 4.720245e-03
x = 2214.86, y = 4.722718e-03
x = 2224.77, y = 4.725208e-03
x = 2234.68, y = 4.727716e-03
x = 2244.59, y = 4.730241e-03
x = 2254.50, y = 4.732784e-03
x = 2264.41, y = 4.735344e-03
x = 2274.32, y = 4.737922e-03
x = 2284.23, y = 4.740517e-03
x = 2294.14, y = 4.743130e-03
x = 2304.05, y = 4.745760e-03
x = 2313.96, y = 4.748407e-03
x = 2323.87, y = 4.751072e-03
x = 2333.78, y = 4.753755e-03
x = 2343.69, y = 4.756454e-03
x = 2353.60, y = 4.759172e-03
x = 2363.51, y = 4.761906e-03
x = 2373.42, y = 4.764658e-03
x = 2383.33, y = 4.767428e-03
x = 2393.24, y = 4.770215e-03
x = 2403.15, y = 4.773020e-03
x = 2413.06, y = 4.775841e-03
x = 2422.97, y = 4.778681e-03
x = 2432.88, y = 4.781538e-03
x = 2442.79, y = 4.784412e-03
x = 2452.70, y = 4.787304e-03
x = 2462.61, y = 4.790213e-03
x = 2472.52, y = 4.793139e-03
x = 2482.43, y = 4.796083e-03
x = 2492.34, y = 4.799045e-03
x = 2502.25, y = 4.802024e-03
x = 2512.16, y = 4.805020e-03
x = 2522.07, y = 4.808034e-03
x = 2531.98, y = 4.811065e-03
x = 2541.89, y = 4.814114e-03
x = 2551.80, y = 4.817180e-03
x = 2561.71, y = 4.820264e-03
x = 2571.62, y = 4.823365e-03
x = 2581.53, y = 4.826484e-03
x = 2591.44, y = 4.829620e-03
x = 2601.35, y = 4.832773e-03
x = 2611.26, y = 4.835944e-03
x = 2621.17, y = 4.839132e-03
x = 2631.08, y = 4.842338e-03
x = 2640.99, y = 4.845561e-03
x = 2650.90, y = 4.848802e-03
x = 2660.81, y = 4.852060e-03
x = 2670.72, y = 4.855335e-03
x = 2680.63, y = 4.858628e-03
x = 2690.54, y = 4.861939e-03
x = 2700.45, y = 4.865267e-03
x = 2710.36, y = 4.868612e-03
x = 2720.27, y = 4.871975e-03
x = 2730.18, y = 4.875355e-03
x = 2740.09, y = 4.878753e-03
x = 2750.00, y = 4.882168e-03
x = 2759.91, y = 4.885600e-03
x = 2769.82, y = 4.889050e-03
x = 2779.73, y = 4.892518e-03
x = 2789.64, y = 4.896003e-03
x = 2799.55, y = 4.899505e-03
x = 2809.46, y = 4.903025e-03
x = 2819.37, y = 4.906562e-03
x = 2829.28, y = 4.910117e-03
x = 2839.19, y = 4.913689e-03
x = 2849.10, y = 4.917278e-03
x = 2859.01, y = 4.920885e-03
x = 2868.92, y = 4.924510e-03
x = 2878.83, y = 4.928152e-03
x = 2888.74, y = 4.931811e-03
x = 2898.65, y = 4.935488e-03
x = 2908.56, y = 4.939182e-03
x = 2918.47, y = 4.942894e-03
x = 2928.38, y = 4.946623e-03
x = 2938.29, y = 4.950370e-03
x = 2948.20, y = 4.954134e-03
x = 2958.11, y = 4.957915e-03
x = 2968.02, y = 4.961714e-03
x = 2977.93, y = 4.965530e-03
x = 2987.84, y = 4.969364e-03
x = 2997.75, y = 4.973216e-03
x = 3007.66, y = 4.975515e-03
x = 3017.57, y = 4.977337e-03
x = 3027.48, y = 4.979140e-03
x = 3037.39, y = 4.980923e-03
x = 3047.30, y = 4.982687e-03
x = 3057.21, y = 4.984431e-03
x = 3067.12, y = 4.986156e-03
x = 3077.03, y = 4.987861e-03
x = 3086.94, y = 4.989547e-03
x = 3096.85, y = 4.991213e-03
x = 3106.76, y = 4.992860e-03
x = 3116.67, y = 4.994487e-03
x = 3126.58, y = 4.996095e-03
x = 3136.49, y = 4.997683e-03
x = 3146.40, y = 4.999252e-03
x = 3156.31, y = 5.000801e-03
x = 3166.22, y = 5.002330e-03
x = 3176.13, y = 5.003840e-03
x = 3186.04, y = 5.005331e-03
x = 3195.95, y = 5.006802e-03
x = 3205.86, y = 5.008254e-03
x = 3215.77, y = 5.009686e-03
x = 3225.68, y = 5.011098e-03
x = 3235.59, y = 5.012491e-03
x = 3245.50, y = 5.013865e-03
x = 3255.41, y = 5.015219e-03
x = 3265.32, y = 5.016553e-03
x = 3275.23, y = 5.017868e-03
x = 3285.14, y = 5.019163e-03
x = 3295.05, y = 5.020439e-03
x = 3304.95, y = 5.021696e-03
x = 3314.86, y = 5.022933e-03
x = 3324.77, y = 5.024150e-03
x = 3334.68, y = 5.025348e-03
x = 3344.59, y = 5.026526e-03
x = 3354.50, y = 5.027685e-03
x = 3364.41, y = 5.028824e-03
x = 3374.32, y = 5.029944e-03
x = 3384.23, y = 5.031045e-03
x = 3394.14, y = 5.032125e-03
x = 3404.05, y = 5.033187e-03
x = 3413.96, y = 5.034228e-03
x = 3423.87, y = 5.035251e-03
x = 3433.78, y = 5.036253e-03
x = 3443.69, y = 5.037237e-03
x = 3453.60, y = 5.038200e-03
x = 3463.51, y = 5.039144e-03
x = 3473.42, y = 5.040069e-03
x = 3483.33, y = 5.040974e-03
x = 3493.24, y = 5.041860e-03
x = 3503.15, y = 5.042726e-03
x = 3513.06, y = 5.043573e-03
x = 3522.97, y = 5.044400e-03
x = 3532.88, y = 5.045207e-03
x = 3542.79, y = 5.045995e-03
x = 3552.70, y = 5.046764e-03
x = 3562.61, y = 5.047513e-03
x = 3572.52, y = 5.048242e-03
x = 3582.43, y = 5.048952e-03
x = 3592.34, y = 5.049643e-03
x = 3602.25, y = 5.050314e-03
x = 3612.16, y = 5.050965e-03
x = 3622.07, y = 5.051597e-03
x = 3631.98, y = 5.052210e-03
x = 3641.89, y = 5.052803e-03
x = 3651.80, y = 5.053376e-03
x = 3661.71, y = 5.053930e-03
x = 3671.62, y = 5.054464e-03
x = 3681.53, y = 5.054979e-03
x = 3691.44, y = 5.055475e-03
x = 3701.35, y = 5.055950e-03
x = 3711.26, y = 5.056407e-03
x = 3721.17, y = 5.056844e-03
x = 3731.08, y = 5.057261e-03
x = 3740.99, y = 5.057659e-03
x = 3750.90, y = 5.058037e-03
x = 3760.81, y = 5.058396e-03
x = 3770.72, y = 5.058735e-03
x = 3780.63, y = 5.059055e-03
x = 3790.54, y = 5.059355e-03
x = 3800.45, y = 5.059636e-03
x = 3810.36, y = 5.059897e-03
x = 3820.27, y = 5.060138e-03
x = 3830.18, y = 5.060361e-03
x = 3840.09, y = 5.060563e-03
x = 3850.00, y = 5.060746e-03
x = 3859.91, y = 5.060910e-03
x = 3869.82, y = 5.061054e-03
x = 3879.73, y = 5.061179e-03
x = 3889.64, y = 5.061284e-03
x = 3899.55, y = 5.061369e-03
x = 3909.46, y = 5.061435e-03
x = 3919.37, y = 5.061482e-03
x = 3929.28, y = 5.061509e-03
x = 3939.19, y = 5.061516e-03
x = 3949.10, y = 5.061504e-03
x = 3959.01, y = 5.061473e-03
x = 3968.92, y = 5.061422e-03
x = 3978.83, y = 5.061351e-03
x = 3988.74, y = 5.061261e-03
x = 3998.65, y = 5.061151e-03
x = 4008.56, y = 5.060686e-03
x = 4018.47, y = 5.060158e-03
x = 4028.38, y = 5.059622e-03
x = 4038.29, y = 5.059076e-03
x = 4048.20, y = 5.058522e-03
x = 4058.11, y = 5.057960e-03
x = 4068.02, y = 5.057388e-03
x = 4077.93, y = 5.056808e-03
x = 4087.84, y = 5.056219e-03
x = 4097.75, y = 5.055622e-03
x = 4107.66, y = 5.055016e-03
x = 4117.57, y = 5.054401e-03
x = 4127.48, y = 5.053777e-03
x = 4137.39, y = 5.053145e-03
x = 4147.30, y = 5.052504e-03
x = 4157.21, y = 5.051855e-03
x = 4167.12, y = 5.051196e-03
x = 4177.03, y = 5.050529e-03
x = 4186.94, y = 5.049854e-03
x = 4196.85, y = 5.049169e-03
x = 4206.76, y = 5.048476e-03
x = 4216.67, y = 5.047775e-03
x = 4226.58, y = 5.047064e-03
x = 4236.49, y = 5.046345e-03
x = 4246.40, y = 5.045617e-03
x = 4256.31, y = 5.044881e-03
x = 4266.22, y = 5.044135e-03
x = 4276.13, y = 5.043381e-03
x = 4286.04, y = 5.042619e-03
x = 4295.95, y = 5.041848e-03
x = 4305.86, y = 5.041068e-03
x = 4315.77, y = 5.040279e-03
x = 4325.68, y = 5.039481e-03
x = 4335.59, y = 5.038675e-03
x = 4345.50, y = 5.037861e-03
x = 4355.41, y = 5.037037e-03
x = 4365.32, y = 5.036205e-03
x = 4375.23, y = 5.035364e-03
x = 4385.14, y = 5.034515e-03
x = 4395.05, y = 5.033656e-03
x = 4404.95, y = 5.032789e-03
x = 4414.86, y = 5.031914e-03
x = 4424.77, y = 5.031030e-03
x = 4434.68, y = 5.030137e-03
x = 4444.59, y = 5.029235e-03
x = 4454.50, y = 5.028324e-03
x = 4464.41, y = 5.027405e-03
x = 4474.32, y = 5.026478e-03
x = 4484.23, y = 5.025541e-03
x = 4494.14, y = 5.024596e-03
x = 4504.05, y = 5.023642e-03
x = 4513.96, y = 5.022680e-03
x = 4523.87, y = 5.021708e-03
x = 4533.78, y = 5.020728e-03
x = 4543.69, y = 5.019740e-03
x = 4553.60, y = 5.018743e-03
x = 4563.51, y = 5.017737e-03
x = 4573.42, y = 5.016722e-03
x = 4583.33, y = 5.015698e-03
x = 4593.24, y = 5.014666e-03
x = 4603.15, y = 5.013626e-03
x = 4613.06, y = 5.012576e-03
x = 4622.97, y = 5.011518e-03
x = 4632.88, y = 5.010451e-03
x = 4642.79, y = 5.009376e-03
x = 4652.70, y = 5.008291e-03
x = 4662.61, y = 5.007198e-03
x = 4672.52, y = 5.006097e-03
x = 4682.43, y = 5.004986e-03
x = 4692.34, y = 5.003867e-03
x = 4702.25, y = 5.002740e-03
x = 4712.16, y = 5.001603e-03
x = 4722.07, y = 5.000458e-03
x = 4731.98, y = 4.999304e-03
x = 4741.89, y = 4.998142e-03
x = 4751.80, y = 4.996971e-03
x = 4761.71, y = 4.995791e-03
x = 4771.62, y = 4.994602e-03
x = 4781.53, y = 4.993405e-03
x = 4791.44, y = 4.992199e-03
x = 4801.35, y = 4.990985e-03
x = 4811.26, y = 4.989761e-03
x = 4821.17, y = 4.988529e-03
x = 4831.08, y = 4.987288e-03
x = 4840.99, y = 4.986039e-03
x = 4850.90, y = 4.984781e-03
x = 4860.81, y = 4.983514e-03
x = 4870.72, y = 4.982239e-03
x = 4880.63, y = 4.980955e-03
x = 4890.54, y = 4.979662e-03
x = 4900.45, y = 4.978360e-03
x = 4910.36, y = 4.977050e-03
x = 4920.27, y = 4.975731e-03
x = 4930.18, y = 4.974403e-03
x = 4940.09, y = 4.973067e-03
x = 4950.00, y = 4.971722e-03
x = 4959.91, y = 4.970368e-03
x = 4969.82, y = 4.969006e-03
x = 4979.73, y = 4.967635e-03
x = 4989.64, y = 4.966255e-03
x = 4999.55, y = 4.964866e-03
x = 5009.46, y = 4.963754e-03
x = 5019.37, y = 4.962659e-03
x = 5029.28, y = 4.961567e-03
x = 5039.19, y = 4.960481e-03
x = 5049.10, y = 4.959398e-03
x = 5059.01, y = 4.958319e-03
x = 5068.92, y = 4.957245e-03
x = 5078.83, y = 4.956174e-03
x = 5088.74, y = 4.955108e-03
x = 5098.65, y = 4.954046e-03
x = 5108.56, y = 4.952988e-03
x = 5118.47, y = 4.951935e-03
x = 5128.38, y = 4.950885e-03
x = 5138.29, y = 4.949840e-03
x = 5148.20, y = 4.948798e-03
x = 5158.11, y = 4.947761e-03
x = 5168.02, y = 4.946728e-03
x = 5177.93, y = 4.945700e-03
x = 5187.84, y = 4.944675e-03
x = 5197.75, y = 4.943655e-03
x = 5207.66, y = 4.942638e-03
x = 5217.57, y = 4.941626e-03
x = 5227.48, y = 4.940618e-03
x = 5237.39, y = 4.939614e-03
x = 5247.30, y = 4.938614e-03
x = 5257.21, y = 4.937619e-03
x = 5267.12, y = 4.936627e-03
x = 5277.03, y = 4.935640e-03
x = 5286.94, y = 4.934657e-03
x = 5296.85, y = 4.933678e-03
x = 5306.76, y = 4.932703e-03
x = 5316.67, y = 4.931733e-03
x = 5326.58, y = 4.930766e-03
x = 5336.49, y = 4.929804e-03
x = 5346.40, y = 4.928845e-03
x = 5356.31, y = 4.927891e-03
x = 5366.22, y = 4.926941e-03
x = 5376.13, y = 4.925996e-03
x = 5386.04, y = 4.925054e-03
x = 5395.95, y = 4.924117e-03
x = 5405.86, y = 4.923183e-03
x = 5415.77, y = 4.922254e-03
x = 5425.68, y = 4.921329e-03
x = 5435.59, y = 4.920408e-03
x = 5445.50, y = 4.919492e-03
x = 5455.41, y = 4.918579e-03
x = 5465.32, y = 4.917671e-03
x = 5475.23, y = 4.916767e-03
x = 5485.14, y = 4.915866e-03
x = 5495.05, y = 4.914971e-03
x = 5504.95, y = 4.914079e-03
x = 5514.86, y = 4.913191e-03
x = 5524.77, y = 4.912308e-03
x = 5534.68, y = 4.911428e-03
x = 5544.59, y = 4.910553e-03
x = 5554.50, y = 4.909682e-03
x = 5564.41, y = 4.908815e-03
x = 5574.32, y = 4.907953e-03
x = 5584.23, y = 4.907094e-03
x = 5594.14, y = 4.906240e-03
x = 5604.05, y = 4.905389e-03
x = 5613.96, y = 4.904543e-03
x = 5623.87, y = 4.903701e-03
x = 5633.78, y = 4.902863e-03
x = 5643.69, y = 4.902030e-03
x = 5653.60, y = 4.901200e-03
x = 5663.51, y = 4.900375e-03
x = 5673.42, y = 4.899554e-03
x = 5683.33, y = 4.898737e-03
x = 5693.24, y = 4.897924e-03
x = 5703.15, y = 4.897115e-03
x = 5713.06, y = 4.896311e-03
x = 5722.97, y = 4.895510e-03
x = 5732.88, y = 4.894714e-03
x = 5742.79, y = 4.893922e-03
x = 5752.70, y = 4.893134e-03
x = 5762.61, y = 4.892350e-03
x = 5772.52, y = 4.891570e-03
x = 5782.43, y = 4.890795e-03
x = 5792.34, y = 4.890023e-03
x = 5802.25, y = 4.889256e-03
x = 5812.16, y = 4.888493e-03
x = 5822.07, y = 4.887734e-03
x = 5831.98, y = 4.886979e-03
x = 5841.89, y = 4.886229e-03
x = 5851.80, y = 4.885482e-03
x = 5861.71, y = 4.884740e-03
x = 5871.62, y = 4.884002e-03
x = 5881.53, y = 4.883268e-03
x = 5891.44, y = 4.882538e-03
x = 5901.35, y = 4.881812e-03
x = 5911.26, y = 4.881091e-03
x = 5921.17, y = 4.880373e-03
x = 5931.08, y = 4.879660e-03
x = 5940.99, y = 4.878951e-03
x = 5950.90, y = 4.878246e-03
x = 5960.81, y = 4.877545e-03
x = 5970.72, y = 4.876849e-03
x = 5980.63, y = 4.876156e-03
x = 5990.54, y = 4.875468e-03
x = 6000.45, y = 4.874794e-03
x = 6010.36, y = 4.874340e-03
x = 6020.27, y = 4.873892e-03
x = 6030.18, y = 4.873451e-03
x = 6040.09, y = 4.873017e-03
x = 6050.00, y = 4.872590e-03
x = 6059.91, y = 4.872170e-03
x = 6069.82, y = 4.871756e-03
x = 6079.73, y = 4.871349e-03
x = 6089.64, y = 4.870949e-03
x = 6099.55, y = 4.870555e-03
x = 6109.46, y = 4.870169e-03
x = 6119.37, y = 4.869789e-03
x = 6129.28, y = 4.869416e-03
x = 6139.19, y = 4.869049e-03
x = 6149.10, y = 4.868690e-03
x = 6159.01, y = 4.868337e-03
x = 6168.92, y = 4.867991e-03
x = 6178.83, y = 4.867652e-03
x = 6188.74, y = 4.867319e-03
x = 6198.65, y = 4.866993e-03
x = 6208.56, y = 4.866674e-03
x = 6218.47, y = 4.866362e-03
x = 6228.38, y = 4.866057e-03
x = 6238.29, y = 4.865758e-03
x = 6248.20, y = 4.865466e-03
x = 6258.11, y = 4.865181e-03
x = 6268.02, y = 4.864902e-03
x = 6277.93, y = 4.864631e-03
x = 6287.84, y = 4.864366e-03
x = 6297.75, y = 4.864108e-03
x = 6307.66, y = 4.863856e-03
x = 6317.57, y = 4.863612e-03
x = 6327.48, y = 4.863374e-03
x = 6337.39, y = 4.863143e-03
x = 6347.30, y = 4.862919e-03
x = 6357.21, y = 4.862701e-03
x = 6367.12, y = 4.862490e-03
x = 6377.03, y = 4.862286e-03
x = 6386.94, y = 4.862089e-03
x = 6396.85, y = 4.861898e-03
x = 6406.76, y = 4.861715e-03
x = 6416.67, y = 4.861538e-03
x = 6426.58, y = 4.861368e-03
x = 6436.49, y = 4.861204e-03
x = 6446.40, y = 4.861047e-03
x = 6456.31, y = 4.860898e-03
x = 6466.22, y = 4.860754e-03
x = 6476.13, y = 4.860618e-03
x = 6486.04, y = 4.860488e-03
x = 6495.95, y = 4.860366e-03
x = 6505.86, y = 4.860249e-03
x = 6515.77, y = 4.860140e-03
x = 6525.68, y = 4.860038e-03
x = 6535.59, y = 4.859942e-03
x = 6545.50, y = 4.859853e-03
x = 6555.41, y = 4.859770e-03
x = 6565.32, y = 4.859695e-03
x = 6575.23, y = 4.859626e-03
x = 6585.14, y = 4.859564e-03
x = 6595.05, y = 4.859509e-03
x = 6604.95, y = 4.859461e-03
x = 6614.86, y = 4.859419e-03
x = 6624.77, y = 4.859384e-03
x = 6634.68, y = 4.859356e-03
x = 6644.59, y = 4.859334e-03
x = 6654.50, y = 4.859320e-03
x = 6664.41, y = 4.859312e-03
x = 6674.32, y = 4.859311e-03
x = 6684.23, y = 4.859316e-03
x = 6694.14, y = 4.859329e-03
x = 6704.05, y = 4.859348e-03
x = 6713.96, y = 4.859374e-03
x = 6723.87, y = 4.859407e-03
x = 6733.78, y = 4.859446e-03
x = 6743.69, y = 4.859492e-03
x = 6753.60, y = 4.859545e-03
x = 6763.51, y = 4.859605e-03
x = 6773.42, y = 4.859672e-03
x = 6783.33, y = 4.859745e-03
x = 6793.24, y = 4.859825e-03
x = 6803.15, y = 4.859912e-03
x = 6813.06, y = 4.860005e-03
x = 6822.97, y = 4.860106e-03
x = 6832.88, y = 4.860213e-03
x = 6842.79, y = 4.860327e-03
x = 6852.70, y = 4.860447e-03
x = 6862.61, y = 4.860575e-03
x = 6872.52, y = 4.860709e-03
x = 6882.43, y = 4.860850e-03
x = 6892.34, y = 4.860997e-03
x = 6902.25, y = 4.861152e-03
x = 6912.16, y = 4.861313e-03
x = 6922.07, y = 4.861481e-03
x = 6931.98, y = 4.861656e-03
x = 6941.89, y = 4.861837e-03
x = 6951.80, y = 4.862026e-03
x = 6961.71, y = 4.862221e-03
x = 6971.62, y = 4.862422e-03
x = 6981.53, y = 4.862631e-03
x = 6991.44, y = 4.862846e-03
x = 7001.35, y = 4.863065e-03
x = 7011.26, y = 4.863265e-03
x = 7021.17, y = 4.863470e-03
x = 7031.08, y = 4.863682e-03
x = 7040.99, y = 4.863898e-03
x = 7050.90, y = 4.864120e-03
x = 7060.81, y = 4.864348e-03
x = 7070.72, y = 4.864581e-03
x = 7080.63, y = 4.864820e-03
x = 7090.54, y = 4.865064e-03
x = 7100.45, y = 4.865313e-03
x = 7110.36, y = 4.865568e-03
x = 7120.27, y = 4.865829e-03
x = 7130.18, y = 4.866094e-03
x = 7140.09, y = 4.866366e-03
x = 7150.00, y = 4.866643e-03
x = 7159.91, y = 4.866925e-03
x = 7169.82, y = 4.867213e-03
x = 7179.73, y = 4.867506e-03
x = 7189.64, y = 4.867805e-03
x = 7199.55, y = 4.868110e-03
x = 7209.46, y = 4.868419e-03
x = 7219.37, y = 4.868735e-03
x = 7229.28, y = 4.869055e-03
x = 7239.19, y = 4.869382e-03
x = 7249.10, y = 4.869713e-03
x = 7259.01, y = 4.870051e-03
x = 7268.92, y = 4.870393e-03
x = 7278.83, y = 4.870742e-03
x = 7288.74, y = 4.871095e-03
x = 7298.65, y = 4.871454e-03
x = 7308.56, y = 4.871819e-03
x = 7318.47, y = 4.872189e-03
x = 7328.38, y = 4.872565e-03
x = 7338.29, y = 4.872946e-03
x = 7348.20, y = 4.873332e-03
x = 7358.11, y = 4.873724e-03
x = 7368.02, y = 4.874122e-03
x = 7377.93, y = 4.874525e-03
x = 7387.84, y = 4.874933e-03
x = 7397.75, y = 4.875347e-03
x = 7407.66, y = 4.875767e-03
x = 7417.57, y = 4.876191e-03
x = 7427.48, y = 4.876622e-03
x = 7437.39, y = 4.877058e-03
x = 7447.30, y = 4.877499e-03
x = 7457.21, y = 4.877946e-03
x = 7467.12, y = 4.878398e-03
x = 7477.03, y = 4.878856e-03
x = 7486.94, y = 4.879319e-03
x = 7496.85, y = 4.879788e-03
x = 7506.76, y = 4.880262e-03
x = 7516.67, y = 4.880742e-03
x = 7526.58, y = 4.881227e-03
x = 7536.49, y = 4.881718e-03
x = 7546.40, y = 4.882214e-03
x = 7556.31, y = 4.882716e-03
x = 7566.22, y = 4.883223e-03
x = 7576.13, y = 4.883735e-03
x = 7586.04, y = 4.884254e-03
x = 7595.95, y = 4.884777e-03
x = 7605.86, y = 4.885306e-03
x = 7615.77, y = 4.885841e-03
x = 7625.68, y = 4.886381e-03
x = 7635.59, y = 4.886926e-03
x = 7645.50, y = 4.887477e-03
x = 7655.41, y = 4.888034e-03
x = 7665.32, y = 4.888596e-03
x = 7675.23, y = 4.889163e-03
x = 7685.14, y = 4.889736e-03
x = 7695.05, y = 4.890314e-03
x = 7704.95, y = 4.890898e-03
x = 7714.86, y = 4.891488e-03
x = 7724.77, y = 4.892082e-03
x = 7734.68, y = 4.892683e-03
x = 7744.59, y = 4.893288e-03
x = 7754.50, y = 4.893900e-03
x = 7764.41, y = 4.894516e-03
x = 7774.32, y = 4.895139e-03
x = 7784.23, y = 4.895766e-03
x = 7794.14, y = 4.896400e-03
x = 7804.05, y = 4.897038e-03
x = 7813.96, y = 4.897682e-03
x = 7823.87, y = 4.898332e-03
x = 7833.78, y = 4.898987e-03
x = 7843.69, y = 4.899648e-03
x = 7853.60, y = 4.900314e-03
x = 7863.51, y = 4.900985e-03
x = 7873.42, y = 4.901662e-03
x = 7883.33, y = 4.902345e-03
x = 7893.24, y = 4.903033e-03
x = 7903.15, y = 4.903726e-03
x = 7913.06, y = 4.904425e-03
x = 7922.97, y = 4.905130e-03
x = 7932.88, y = 4.905840e-03
x = 7942.79, y = 4.906555e-03
x = 7952.70, y = 4.907276e-03
x = 7962.61, y = 4.908003e-03
x = 7972.52, y = 4.908734e-03
x = 7982.43, y = 4.909472e-03
x = 7992.34, y = 4.910215e-03
x = 8002.25, y = 4.910969e-03
x = 8012.16, y = 4.911748e-03
x = 8022.07, y = 4.912532e-03
x = 8031.98, y = 4.913320e-03
x = 8041.89, y = 4.914112e-03
x = 8051.80, y = 4.914909e-03
x = 8061.71, y = 4.915709e-03
x = 8071.62, y = 4.916514e-03
x = 8081.53, y = 4.917323e-03
x = 8091.44, y = 4.918136e-03
x = 8101.35, y = 4.918954e-03
x = 8111.26, y = 4.919776e-03
x = 8121.17, y = 4.920602e-03
x = 8131.08, y = 4.921432e-03
x = 8140.99, y = 4.922266e-03
x = 8150.90, y = 4.923105e-03
x = 8160.81, y = 4.923948e-03
x = 8170.72, y = 4.924795e-03
x = 8180.63, y = 4.925646e-03
x = 8190.54, y = 4.926502e-03
x = 8200.45, y = 4.927361e-03
x = 8210.36, y = 4.928225e-03
x = 8220.27, y = 4.929093e-03
x = 8230.18, y = 4.929966e-03
x = 8240.09, y = 4.930843e-03
x = 8250.00, y = 4.931723e-03
x = 8259.91, y = 4.932608e-03
x = 8269.82, y = 4.933498e-03
x = 8279.73, y = 4.934391e-03
x = 8289.64, y = 4.935289e-03
x = 8299.55, y = 4.936191e-03
x = 8309.46, y = 4.937097e-03
x = 8319.37, y = 4.938008e-03
x = 8329.28, y = 4.938922e-03
x = 8339.19, y = 4.939841e-03
x = 8349.10, y = 4.940764e-03
x = 8359.01, y = 4.941691e-03
x = 8368.92, y = 4.942623e-03
x = 8378.83, y = 4.943559e-03
x = 8388.74, y = 4.944499e-03
x = 8398.65, y = 4.945443e-03
x = 8408.56, y = 4.946391e-03
x = 8418.47, y = 4.947344e-03
x = 8428.38, y = 4.948301e-03
x = 8438.29, y = 4.949262e-03
x = 8448.20, y = 4.950227e-03
x = 8458.11, y = 4.951197e-03
x = 8468.02, y = 4.952171e-03
x = 8477.93, y = 4.953149e-03
x = 8487.84, y = 4.954131e-03
x = 8497.75, y = 4.955117e-03
x = 8507.66, y = 4.956108e-03
x = 8517.57, y = 4.957103e-03
x = 8527.48, y = 4.958102e-03
x = 8537.39, y = 4.959105e-03
x = 8547.30, y = 4.960113e-03
x = 8557.21, y = 4.961124e-03
x = 8567.12, y = 4.962140e-03
x = 8577.03, y = 4.963161e-03
x = 8586.94, y = 4.964185e-03
x = 8596.85, y = 4.965214e-03
x = 8606.76, y = 4.966247e-03
x = 8616.67, y = 4.967284e-03
x = 8626.58, y = 4.968325e-03
x = 8636.49, y = 4.969371e-03
x = 8646.40, y = 4.970420e-03
x = 8656.31, y = 4.971474e-03
x = 8666.22, y = 4.972533e-03
x = 8676.13, y = 4.973595e-03
x = 8686.04, y = 4.974662e-03
x = 8695.95, y = 4.975733e-03
x = 8705.86, y = 4.976808e-03
x = 8715.77, y = 4.977887e-03
x = 8725.68, y = 4.978971e-03
x = 8735.59, y = 4.980058e-03
x = 8745.50, y = 4.981150e-03
x = 8755.41, y = 4.982247e-03
x = 8765.32, y = 4.983347e-03
x = 8775.23, y = 4.984452e-03
x = 8785.14, y = 4.985561e-03
x = 8795.05, y = 4.986674e-03
x = 8804.95, y = 4.987791e-03
x = 8814.86, y = 4.988913e-03
x = 8824.77, y = 4.990038e-03
x = 8834.68, y = 4.991168e-03
x = 8844.59, y = 4.992303e-03
x = 8854.50, y = 4.993441e-03
x = 8864.41, y = 4.994584e-03
x = 8874.32, y = 4.995731e-03
x = 8884.23, y = 4.996882e-03
x = 8894.14, y = 4.998037e-03
x = 8904.05, y = 4.999197e-03
x = 8913.96, y = 5.000360e-03
x = 8923.87, y = 5.001529e-03
x = 8933.78, y = 5.002701e-03
x = 8943.69, y = 5.003877e-03
x = 8953.60, y = 5.005058e-03
x = 8963.51, y = 5.006243e-03
x = 8973.42, y = 5.007432e-03
x = 8983.33, y = 5.008625e-03
x = 8993.24, y = 5.009823e-03
x = 9003.15, y = 5.011010e-03
x = 9013.06, y = 5.012170e-03
x = 9022.97, y = 5.013334e-03
x = 9032.88, y = 5.014501e-03
x = 9042.79, y = 5.015671e-03
x = 9052.70, y = 5.016845e-03
x = 9062.61, y = 5.018022e-03
x = 9072.52, y = 5.019202e-03
x = 9082.43, y = 5.020385e-03
x = 9092.34, y = 5.021572e-03
x = 9102.25, y = 5.022762e-03
x = 9112.16, y = 5.023956e-03
x = 9122.07, y = 5.025153e-03
x = 9131.98, y = 5.026353e-03
x = 9141.89, y = 5.027556e-03
x = 9151.80, y = 5.028763e-03
x = 9161.71, y = 5.029973e-03
x = 9171.62, y = 5.031187e-03
x = 9181.53, y = 5.032404e-03
x = 9191.44, y = 5.033624e-03
x = 9201.35, y = 5.034847e-03
x = 9211.26, y = 5.036074e-03
x = 9221.17, y = 5.037304e-03
x = 9231.08, y = 5.038538e-03
x = 9240.99, y = 5.039775e-03
x = 9250.90, y = 5.041015e-03
x = 9260.81, y = 5.042258e-03
x = 9270.72, y = 5.043505e-03
x = 9280.63, y = 5.044755e-03
x = 9290.54, y = 5.046009e-03
x = 9300.45, y = 5.047266e-03
x = 9310.36, y = 5.048526e-03
x = 9320.27, y = 5.049789e-03
x = 9330.18, y = 5.051056e-03
x = 9340.09, y = 5.052326e-03
x = 9350.00, y = 5.053599e-03
x = 9359.91, y = 5.054876e-03
x = 9369.82, y = 5.056156e-03
x = 9379.73, y = 5.057440e-03
x = 9389.64, y = 5.058727e-03
x = 9399.55, y = 5.060017e-03
x = 9409.46, y = 5.061310e-03
x = 9419.37, y = 5.062607e-03
x = 9429.28, y = 5.063907e-03
x = 9439.19, y = 5.065210e-03
x = 9449.10, y = 5.066517e-03
x = 9459.01, y = 5.067827e-03
x = 9468.92, y = 5.069141e-03
x = 9478.83, y = 5.070457e-03
x = 9488.74, y = 5.071777e-03
x = 9498.65, y = 5.073101e-03
x = 9508.56, y = 5.074427e-03
x = 9518.47, y = 5.075757e-03
x = 9528.38, y = 5.077091e-03
x = 9538.29, y = 5.078428e-03
x = 9548.20, y = 5.079768e-03
x = 9558.11, y = 5.081111e-03
x = 9568.02, y = 5.082458e-03
x = 9577.93, y = 5.083808e-03
x = 9587.84, y = 5.085161e-03
x = 9597.75, y = 5.086518e-03
x = 9607.66, y = 5.087878e-03
x = 9617.57, y = 5.089241e-03
x = 9627.48, y = 5.090608e-03
x = 9637.39, y = 5.091978e-03
x = 9647.30, y = 5.093351e-03
x = 9657.21, y = 5.094728e-03
x = 9667.12, y = 5.096108e-03
x = 9677.03, y = 5.097491e-03
x = 9686.94, y = 5.098878e-03
x = 9696.85, y = 5.100268e-03
x = 9706.76, y = 5.101661e-03
x = 9716.67, y = 5.103058e-03
x = 9726.58, y = 5.104458e-03
x = 9736.49, y = 5.105861e-03
x = 9746.40, y = 5.107268e-03
x = 9756.31, y = 5.108678e-03
x = 9766.22, y = 5.110091e-03
x = 9776.13, y = 5.111508e-03
x = 9786.04, y = 5.112927e-03
x = 9795.95, y = 5.114351e-03
x = 9805.86, y = 5.115777e-03
x = 9815.77, y = 5.117207e-03
x = 9825.68, y = 5.118641e-03
x = 9835.59, y = 5.120077e-03
x = 9845.50, y = 5.121517e-03
x = 9855.41, y = 5.122960e-03
x = 9865.32, y = 5.124407e-03
x = 9875.23, y = 5.125857e-03
x = 9885.14, y = 5.127310e-03
x = 9895.05, y = 5.128767e-03
x = 9904.95, y = 5.130227e-03
x = 9914.86, y = 5.131690e-03
x = 9924.77, y = 5.133156e-03
x = 9934.68, y = 5.134626e-03
x = 9944.59, y = 5.136100e-03
x = 9954.50, y = 5.137576e-03
x = 9964.41, y = 5.139056e-03
x = 9974.32, y = 5.140539e-03
x = 9984.23, y = 5.142026e-03
x = 9994.14, y = 5.143516e-03
x = 10004.05, y = 5.144940e-03
x = 10013.96, y = 5.146265e-03
x = 10023.87, y = 5.147591e-03
x = 10033.78, y = 5.148916e-03
x = 10043.69, y = 5.150242e-03
x = 10053.60, y = 5.151567e-03
x = 10063.51, y = 5.152893e-03
x = 10073.42, y = 5.154218e-03
x = 10083.33, y = 5.155544e-03
x = 10093.24, y = 5.156869e-03
x = 10103.15, y = 5.158195e-03
x = 10113.06, y = 5.159520e-03
x = 10122.97, y = 5.160846e-03
x = 10132.88, y = 5.162171e-03
x = 10142.79, y = 5.163497e-03
x = 10152.70, y = 5.164822e-03
x = 10162.61, y = 5.166148e-03
x = 10172.52, y = 5.167474e-03
x = 10182.43, y = 5.168799e-03
x = 10192.34, y = 5.170125e-03
x = 10202.25, y = 5.171450e-03
x = 10212.16, y = 5.172776e-03
x = 10222.07, y = 5.174101e-03
x = 10231.98, y = 5.175427e-03
x = 10241.89, y = 5.176752e-03
x = 10251.80, y = 5.178078e-03
x = 10261.71, y = 5.179403e-03
x = 10271.62, y = 5.180729e-03
x = 10281.53, y = 5.182054e-03
x = 10291.44, y = 5.183380e-03
x = 10301.35, y = 5.184705e-03
x = 10311.26, y = 5.186031e-03
x = 10321.17, y = 5.187356e-03
x = 10331.08, y = 5.188682e-03
x = 10340.99, y = 5.190007e-03
x = 10350.90, y = 5.191333e-03
x = 10360.81, y = 5.192658e-03
x = 10370.72, y = 5.193984e-03
x = 10380.63, y = 5.195309e-03
x = 10390.54, y = 5.196635e-03
x = 10400.45, y = 5.197960e-03
x = 10410.36, y = 5.199286e-03
x = 10420.27, y = 5.200611e-03
x = 10430.18, y = 5.201937e-03
x = 10440.09, y = 5.203262e-03
x = 10450.00, y = 5.204588e-03